id,name,email,age,city,country,join_date,balance,active
1,William Moore,martinezmelissa@gmail.com,50,Port Luis,Guyana,2021-06-23,3179.91,True
2,Michele Rosario,margaret95@charles.com,53,Whiteborough,Bolivia,2024-05-26,8606.87,False
3,Jeremy Lopez,jameswatts@weaver.info,20,Arnoldton,Saint Pierre and Miquelon,2022-12-05,5641.86,True
4,Bryan Thomas,nhill@watson.org,59,Wisemouth,Uganda,2023-03-01,2153.85,True
5,Jordan Lewis,nmoore@gmail.com,33,Robbinsview,Romania,2023-05-19,2414.44,False
6,Maria Morris,dillon34@yahoo.com,68,Colleenfurt,Croatia,2023-07-26,2109.29,True
7,Jonathon Hickman,justin82@white.com,32,West Danfort,Malawi,2021-04-04,4941.98,True
8,Tony Oliver,nicoleturner@yahoo.com,36,South Darlene,Congo,2025-08-09,1286.81,False
9,Samantha Pham,yangcharles@king-adams.net,66,Caseburgh,Seychelles,2023-09-23,3781.14,False
10,Dustin Young,xmiles@drake-wall.com,34,Josephhaven,Senegal,2025-07-18,4262.74,False
11,Matthew English,patrickjones@johnson.com,50,North Angela,Eritrea,2022-06-21,1794.73,False
12,Scott Diaz,lindsay94@hotmail.com,61,Kaylaborough,French Polynesia,2021-04-04,8065.69,True
13,Ryan Edwards,adamcherry@henderson.biz,36,Davidshire,New Caledonia,2022-11-30,3254.65,False
14,Christopher Huynh,michaelpatterson@rivers.info,52,Loveborough,Paraguay,2024-10-31,2759.75,False
15,Cristian Miller,james45@chavez.com,25,South Jennifermouth,Zimbabwe,2024-10-06,6760.02,True
16,David Kline,flambert@gmail.com,60,Lake Kimberlymouth,Guernsey,2025-08-24,2321.55,False
17,John Ballard,wilsonshannon@gmail.com,48,East Jessica,Hong Kong,2023-03-19,6179.12,False
18,Emily Adams,osimmons@holmes-best.com,54,Cheyenneberg,Gabon,2021-08-26,3025.64,False
19,Tiffany Bryan,jake24@hotmail.com,34,New Scott,Norway,2021-03-19,8365.57,True
20,Parker Carter,sally90@pacheco-johnson.com,63,Bakerstad,Turkey,2025-02-22,6543.89,False
21,Michael Bradley,gary95@liu.net,26,Tuckerville,Czech Republic,2022-03-10,800.03,True
22,Tanya Strickland,allison53@morales-finley.com,52,North Jeremy,Swaziland,2025-01-12,7160.54,True
23,James Hubbard,xwong@moreno-garcia.com,20,Diazshire,Angola,2023-01-24,3601.79,True
24,Paula Bradshaw,summersdevin@hotmail.com,20,Beckstad,Japan,2021-06-02,1286.65,False
25,Jessica Tran,linda94@vargas.net,27,South Raymondmouth,Saint Kitts and Nevis,2021-03-23,2144.03,False
26,Henry Reed,brenda77@hotmail.com,55,South Matthew,Thailand,2020-11-07,4062.0,True
27,Travis Jones,rrussell@byrd.com,33,New Ginafurt,Cape Verde,2024-10-29,937.05,False
28,Jeremy Blair,gphillips@cole-hill.com,60,Elizabethshire,Saint Vincent and the Grenadines,2022-05-14,1031.1,True
29,Charles Valdez,ybrown@stevenson.info,22,North Debraberg,Qatar,2022-05-05,2968.81,False
30,Kathleen Warner,xpeck@rodriguez-white.com,28,Pearsonmouth,American Samoa,2024-08-06,6753.58,False
31,Corey Roberts,arodriguez@parker.com,68,Hicksburgh,French Polynesia,2024-07-26,4032.58,False
32,Jose Erickson,harriswalter@walker.org,65,New Andrew,Nicaragua,2021-11-20,4271.23,False
33,Andrew Turner,crawfordanna@hotmail.com,23,Port Saraville,Gibraltar,2023-12-06,9519.34,True
34,Kristin White,cbarnes@mccarthy.com,24,East Josephshire,Iraq,2022-11-22,7538.43,True
35,Dana Walker,roymartinez@gmail.com,45,Port Peggy,Togo,2025-03-28,7353.17,True
36,Anne Weeks,cmcdaniel@hotmail.com,38,Thompsonbury,Afghanistan,2025-03-05,1181.42,False
37,Amy Nelson,alexismcdonald@gmail.com,53,Josephville,Greece,2022-05-13,6529.94,True
38,Jessica Vazquez,coxnicole@ramos.com,48,Moramouth,Mozambique,2024-09-19,1812.6,False
39,Nancy Carter,travis03@gmail.com,47,West Shawn,Portugal,2023-08-28,6551.71,False
40,Leslie Brown,leahtownsend@hotmail.com,53,Lake Chadchester,New Zealand,2024-08-18,5132.62,True
41,Juan Benjamin,marshbarbara@lopez.info,21,Thomasstad,Greece,2025-07-04,2662.97,True
42,Edward Lewis,robertcain@hotmail.com,40,Thompsontown,Croatia,2023-06-02,2750.02,True
43,Patricia Owens,kevintorres@hotmail.com,39,South Brian,Guinea-Bissau,2023-05-10,7332.43,True
44,Christopher Davis,ldavid@gmail.com,52,Currybury,Afghanistan,2022-06-20,6555.0,True
45,Michele Meyer,pricekevin@yahoo.com,53,Gregoryshire,Cuba,2025-03-02,5644.48,True
46,Robert Hensley,williamrios@delacruz-price.com,39,New David,Argentina,2025-07-20,2316.94,False
47,Karen Alvarado,sarahjohnson@harper.biz,19,Tylermouth,India,2023-06-28,5310.62,True
48,Jamie Clark,kwilliams@gmail.com,22,Cynthiahaven,Montserrat,2024-11-04,6772.26,True
49,Rebecca Harris,lesteramber@gmail.com,62,East Mary,Tanzania,2021-07-26,8085.76,False
50,Randall Rojas,cathy45@kent-vasquez.biz,18,Dylanhaven,Samoa,2021-05-16,8677.67,True
51,Nathaniel Shea,moorelinda@hotmail.com,35,Lake Daniel,United States Minor Outlying Islands,2022-03-11,3756.95,False
52,John Clark,garyhogan@gmail.com,23,Lake Bruceshire,Burundi,2024-05-09,1196.01,True
53,Robert Combs,parkerjennifer@green.org,21,New Larryside,Kenya,2021-03-28,651.02,False
54,Travis Campos,smithkimberly@hotmail.com,43,Port Brucemouth,Monaco,2023-09-04,6520.34,False
55,Sherry Gonzalez,gdavis@garcia.net,54,Theresaton,Fiji,2021-02-03,2274.19,False
56,David Haynes,desiree69@green.com,37,New Taylorfort,Tonga,2025-10-03,4221.86,True
57,Jeffrey Garcia,robertclay@gmail.com,64,Lake Patriciaton,Estonia,2024-02-23,1166.01,False
58,Gerald Malone,yjones@farrell.com,25,Johnview,French Guiana,2020-11-26,8661.47,True
59,John House,alexa24@yahoo.com,49,South Donald,Georgia,2024-07-09,4985.08,False
60,April Garner,gibsonbailey@fernandez.net,42,New Brianborough,Burkina Faso,2024-06-16,5449.82,False
61,Michael Ingram,richard38@hall.info,24,Margaretville,Iceland,2024-08-15,2198.6,False
62,Dr. Jesse Anthony PhD,dsmith@gmail.com,38,Perryside,Paraguay,2022-09-25,2800.82,True
63,Timothy Roach,maryperry@gmail.com,46,New Taylorburgh,Montserrat,2025-02-20,3100.36,False
64,Jack Fletcher,whitneyparker@johnson.com,56,Juliafort,Netherlands Antilles,2021-05-09,7612.23,True
65,Scott Strong,harrisheather@hotmail.com,27,Williamside,Albania,2020-11-21,4026.48,True
66,Cameron Martin,vberger@hotmail.com,64,Jasonland,Italy,2024-10-08,4762.18,False
67,Logan Ware,miranda47@baldwin-shannon.com,20,West Brad,Bolivia,2024-10-10,3278.22,True
68,Jorge Erickson,millsalexander@campos.com,29,New Pamfort,Qatar,2023-04-27,6755.21,True
69,Carlos Bennett,jacksongregory@thomas.org,47,Lake Anthony,Bermuda,2020-11-18,509.53,True
70,Victoria Patel,wolfecynthia@gallagher-sanchez.com,53,Alexanderchester,Latvia,2020-12-20,7045.62,False
71,Alicia Henderson,taylorgarrett@howard.info,51,West Thomas,Burundi,2023-05-31,7363.46,True
72,Wanda Gordon,johnsonjohn@vaughn.biz,28,Courtneymouth,Kiribati,2022-01-29,9152.32,True
73,Jesse Mendoza,guerreroangela@johnson-watkins.info,59,North John,Saint Kitts and Nevis,2023-09-11,5725.51,False
74,Gerald Miller,melinda35@gmail.com,25,Acostachester,Dominican Republic,2024-07-20,2242.71,False
75,Derrick Hardin,christopherduffy@oneal.com,52,East Nancyshire,Iraq,2025-09-30,1009.15,False
76,William Caldwell,belindahenderson@mathews.com,69,Riveraside,Italy,2021-05-15,635.41,False
77,Jessica Ellis,fgarcia@sanchez.biz,67,West Rachelshire,Argentina,2021-05-30,4250.34,False
78,Mr. Timothy Wolf DDS,amymorgan@james.info,54,West Adamstad,Bahamas,2025-05-22,8510.87,True
79,Lindsay Hale,roblesderek@walker-freeman.com,36,Port Jaclynstad,Ecuador,2021-08-07,3798.31,True
80,Denise Andrews,fwilson@gmail.com,25,Manningfort,Cook Islands,2022-09-29,7493.52,True
81,James Gibson,michael23@gmail.com,44,Lake Samantha,Faroe Islands,2023-09-18,1899.4,True
82,Tracie Johnson,lrobbins@hotmail.com,28,Port Rebeccashire,Dominican Republic,2024-07-21,8855.73,False
83,Patrick Wright,qhunt@yahoo.com,42,Markview,Bahrain,2024-06-19,6588.69,True
84,Thomas Lyons,perkinsbrian@gmail.com,38,Millerfurt,Comoros,2024-03-16,303.91,True
85,Deborah Ramirez,zwinters@gmail.com,63,Lake Heather,Montenegro,2021-07-11,4827.45,True
86,Mary Wilson,burgesssara@mclaughlin.org,66,Mooreton,Belarus,2025-04-28,6078.22,False
87,Mr. Stephen Martin,susanphillips@smith-sanchez.net,40,Hansontown,Papua New Guinea,2025-04-03,9540.28,True
88,Gabriel Powell,angela07@yahoo.com,40,New Angelica,Argentina,2022-03-27,2807.49,True
89,Jennifer Bailey,courtney12@hotmail.com,68,Bryantport,Poland,2024-04-26,5649.18,True
90,Morgan Bass,ljoseph@gmail.com,21,East John,Kazakhstan,2024-07-26,3110.5,False
91,Brenda Ewing,colton03@kelly-reed.com,56,Harpermouth,Heard Island and McDonald Islands,2021-03-09,7622.99,False
92,Jennifer Wilson,martingail@yahoo.com,46,East Rachaelberg,Senegal,2025-02-07,7677.37,True
93,Pamela Gross,william57@smith-velasquez.com,41,North Timothyside,Turkey,2024-08-08,684.89,False
94,Joshua Miller,handerson@obrien.com,40,New Megan,Qatar,2022-04-11,1272.99,False
95,Joshua Smith,oflowers@graham-castillo.com,49,Jeromefurt,Portugal,2023-07-01,2080.27,False
96,Mark Nguyen,thompsondavid@powers.com,25,New Timothy,Gabon,2025-05-09,5480.14,True
97,Patricia Bradford,elijahwood@villa.biz,39,North Teresa,Armenia,2022-01-02,6928.21,False
98,Laura Spence,hgonzales@hotmail.com,69,West Deborah,Thailand,2025-08-04,4331.71,False
99,Robert Hill,robertobriggs@robinson-cooper.net,49,Hahntown,Aruba,2023-06-26,7118.4,True
100,Thomas Watson,kyle32@gmail.com,68,New Veronicaview,Nicaragua,2022-04-10,1122.36,False
101,Alyssa George,monica31@yahoo.com,38,Lisatown,Cook Islands,2023-10-01,7521.91,True
102,Jason Freeman,delgadodavid@cross-jackson.com,18,East Patrick,Kiribati,2024-02-12,8115.25,True
103,Nathan Williams,jamesjohnson@hotmail.com,63,Wandamouth,Turkey,2021-12-06,2314.45,True
104,Sarah Griffin,james03@garcia.com,64,Hodgeburgh,Netherlands,2021-11-29,2466.41,False
105,Steve Pena,paulsara@gmail.com,33,North Leroy,Swaziland,2022-12-08,1530.52,False
106,James Stephens,omar07@brown-watson.org,59,Dustinfurt,Antarctica (the territory South of 60 deg S),2024-04-22,815.52,False
107,Maria Hoover,vincentrobinson@shepard-williams.com,60,Tracychester,Nicaragua,2022-09-10,9005.13,False
108,Michael Castillo,kellymeyers@hotmail.com,33,Peggyton,Cocos (Keeling) Islands,2025-03-26,7756.56,True
109,Mark Garcia,qmoss@baker-gonzalez.com,42,South Kaylahaven,Kyrgyz Republic,2023-02-13,4967.97,True
110,Scott Garcia,osbornejoseph@gmail.com,42,Caseybury,Belize,2024-06-12,7936.6,True
111,Joshua Moreno,rebeccaritter@yahoo.com,58,Richardmouth,Mayotte,2023-05-30,5900.99,True
112,Christine Berger,zcox@yahoo.com,29,Lake Donaldchester,Bouvet Island (Bouvetoya),2021-07-04,2828.78,True
113,Mandy Stewart,roy31@yahoo.com,32,Ashleychester,New Caledonia,2024-03-13,2407.52,False
114,Shannon Pearson,samantha09@hotmail.com,37,West Craig,Northern Mariana Islands,2022-08-03,770.85,False
115,Jonathan Banks,rivasdenise@gmail.com,23,Martinezmouth,Zimbabwe,2022-07-26,6042.68,True
116,Anna Richards,ajackson@nelson-jackson.com,51,Byrdport,Niger,2025-09-21,5856.71,True
117,Haley Parker,lauraguzman@gmail.com,49,Davismouth,Trinidad and Tobago,2020-12-27,4022.58,True
118,James Barrera,aliciamarshall@gmail.com,39,Huynhberg,Azerbaijan,2022-03-17,3091.34,False
119,Jacqueline Welch,dianemiddleton@yahoo.com,55,Porterburgh,Cameroon,2021-02-06,2742.63,False
120,Steven Miles,monicareynolds@medina-franklin.org,26,West Rogerport,South Africa,2021-09-03,4260.08,True
121,Dr. Joseph Lewis Jr.,youngsarah@king-brown.com,62,New Peggystad,Saudi Arabia,2024-08-30,1681.21,True
122,Brendan Barber,camposmikayla@jones.com,41,Scottstad,Mayotte,2024-05-21,6958.81,True
123,Samantha Shelton,luispalmer@gmail.com,31,Martinezchester,Liechtenstein,2022-01-16,3988.7,True
124,Danielle Hess,samanthalindsey@costa-gordon.com,32,Richardchester,Cyprus,2025-02-19,9923.29,False
125,Jeffrey Hubbard,yortiz@dunn.biz,45,Aliciashire,Azerbaijan,2022-04-17,7666.57,False
126,James Mccoy,deborah57@olson.org,58,Lopezmouth,Antigua and Barbuda,2025-05-15,2502.98,True
127,Michael Collins,ithompson@hartman-barrett.com,65,Matthewsberg,South Africa,2021-07-13,7940.66,False
128,Sean Reese DDS,rwatson@yahoo.com,51,New Angela,Nigeria,2023-11-03,2376.63,True
129,Kendra Cox,kelly80@gmail.com,58,Normanmouth,Syrian Arab Republic,2021-12-18,9122.27,True
130,Alexander Johnson,jeremyperez@bates-powers.com,29,Rossmouth,Bosnia and Herzegovina,2025-01-19,859.31,False
131,Charles Johnson,reneeedwards@yahoo.com,40,West Sheriside,Guinea-Bissau,2021-03-18,2628.64,True
132,Lauren Small,brandi24@gmail.com,21,Copelandland,Indonesia,2021-10-21,7107.41,False
133,Jordan Beasley,ybaker@mccormick.com,36,Greenburgh,Andorra,2022-02-07,5591.65,True
134,Glenn Fisher,michellesmith@hotmail.com,53,East Louisburgh,Senegal,2023-09-21,3897.19,True
135,Kimberly Ross,charles71@walters-martinez.com,20,Reynoldshaven,United States Virgin Islands,2022-10-12,9106.95,True
136,Wayne Kelley,jamesnguyen@yahoo.com,62,Floydtown,Zambia,2024-12-03,7851.14,True
137,Christopher Ritter,douglaslane@gmail.com,37,Andrewview,Reunion,2025-04-02,9407.11,True
138,Jessica Leonard,taylorbrittany@hart.com,35,North Jeffrey,Brazil,2022-04-01,3154.48,False
139,Kevin Evans,umartinez@williams-murphy.com,40,Annettechester,Tunisia,2022-02-12,4854.45,False
140,Julia Gregory,whitecarla@ray.com,23,Valenzuelaside,French Southern Territories,2021-08-08,4280.29,True
141,Peter Stevens,james36@nelson-jones.com,26,East Tammy,Costa Rica,2021-10-19,2044.49,False
142,Michael Chavez,mccormickrobert@schultz.com,51,Randallville,Isle of Man,2024-10-23,2858.24,True
143,Rebecca Flynn,scottthompson@shelton.net,27,Jaimeville,Bangladesh,2022-05-08,4006.18,False
144,Casey Gardner,bobbystanton@moore-murphy.com,62,Medinafort,Kenya,2024-08-02,3927.97,False
145,Brian Ortiz,swilliams@may-gordon.biz,51,Lambertborough,New Caledonia,2025-02-05,2676.83,False
146,Brittany Cain,brandondavis@burton.net,37,Taylorside,Costa Rica,2021-11-21,1367.93,True
147,Heather Byrd,michaelgutierrez@bennett-lee.com,37,Port Amandaberg,Romania,2024-03-21,1860.24,True
148,Timothy Wilson,michaelharrison@quinn-robles.com,41,Jenkinsville,Syrian Arab Republic,2023-11-24,5329.6,False
149,Michael King II,phenderson@campos-gutierrez.info,43,Vanceport,Tanzania,2023-05-16,3634.63,True
150,Cassandra Erickson,michael90@best-washington.com,50,Kevinfort,Qatar,2021-06-04,5613.69,True
151,Anthony Pena,fergusonashley@wilson-hardy.biz,60,New Jessechester,Trinidad and Tobago,2025-08-16,6479.81,False
152,Nicole Brown,uwilliams@thomas.com,43,West Annette,Jersey,2023-01-20,8245.98,False
153,Sandra Strickland,uporter@goodman.biz,34,New Jonathanburgh,Marshall Islands,2024-10-09,9972.18,True
154,Charles King,david12@yahoo.com,23,Longstad,Mexico,2021-05-05,1914.09,False
155,Adam Estrada,pagecarmen@hotmail.com,52,South Dannyport,Hungary,2025-02-07,3333.27,True
156,Gregg Barrett,thompsondana@harris.biz,44,North Shawna,Uzbekistan,2025-02-01,7523.5,True
157,Francisco Barker,curtis55@hotmail.com,42,North Jack,Lithuania,2020-11-23,8799.13,False
158,Natalie Wong,oprice@bailey.org,60,New Michelleview,Qatar,2024-06-21,4802.56,True
159,Anna Arias,wlewis@gmail.com,66,West James,Holy See (Vatican City State),2022-12-24,2424.3,False
160,Stephen Johnston,sawyercole@mcgee.com,38,Port Jasonville,Macedonia,2024-02-11,7314.57,False
161,Dustin Martinez,abrooks@nichols.com,65,Teresastad,Ireland,2024-02-13,5832.66,True
162,Kaitlin Holloway,greggtaylor@gmail.com,64,West Vanessa,Uganda,2023-07-20,8838.11,True
163,Amanda Murillo,tthomas@richard-kelley.com,32,Dixonborough,Guinea-Bissau,2021-04-19,5106.75,False
164,Shaun Miller,mcconnellethan@gmail.com,30,West Donnashire,Suriname,2022-06-20,4505.89,True
165,Christine Irwin,turnerjoseph@french-torres.com,48,Claytonton,Mexico,2023-06-23,2645.82,True
166,John Alexander,charles71@pacheco-crawford.com,60,Lake Vincentmouth,Congo,2024-02-16,4372.97,True
167,Donna Gallegos,rbrown@gomez.net,45,South Scott,Israel,2024-11-03,9631.8,False
168,Maureen Thomas,smithchristopher@bowen.com,65,East Cassandra,Uruguay,2021-03-05,7543.62,True
169,Joshua Trevino,dgraves@becker.info,65,East Aliciabury,Comoros,2021-04-06,4757.41,True
170,Rachel Baker,oarmstrong@johnson.org,33,Sarahhaven,Lesotho,2023-02-21,5988.11,False
171,Patrick Hooper PhD,miguel74@yahoo.com,24,Debraberg,United Kingdom,2021-05-26,324.73,False
172,Natasha Blevins,rhondamoreno@yahoo.com,69,Lake Jimmyberg,Senegal,2024-05-05,1900.74,False
173,Emily Pratt,tyler86@gmail.com,52,West Cheryl,Libyan Arab Jamahiriya,2024-12-29,4491.58,True
174,Michael Miller,xgarcia@gmail.com,26,Mckaytown,Cote d'Ivoire,2023-11-01,3697.38,False
175,Eric Levine,christopher34@hotmail.com,57,Fredview,Lao People's Democratic Republic,2021-12-08,4290.61,True
176,Peter Miranda,aprice@gomez.com,32,North Peterville,Russian Federation,2022-10-11,2400.11,True
177,Herbert Bishop,johnsonbrianna@graves.net,27,Sherriville,Tokelau,2025-09-10,6036.78,False
178,Melanie Lane,joshua84@thompson.com,65,East Amanda,Korea,2023-07-26,7424.51,False
179,Dawn Ramirez,scopeland@jones-smith.com,68,New Robert,Peru,2021-10-07,4457.37,False
180,Jonathon Butler,kelleyrobin@sheppard.com,65,Elizabethside,Chad,2025-08-20,305.35,False
181,Christopher Brown,evega@gmail.com,26,Port Teresa,Palestinian Territory,2021-07-25,4781.87,False
182,Martin Arroyo,robertcampbell@hotmail.com,31,East Conniefurt,Guadeloupe,2021-02-18,3394.85,True
183,Katie Webb,williamowens@torres.com,25,Seanmouth,Lesotho,2023-08-09,7782.24,True
184,Amanda Davis,adrianchaney@gmail.com,42,Wellsville,Pitcairn Islands,2022-10-17,2701.44,False
185,Stephanie Young,edwardscaitlin@murillo-perry.biz,24,West Heidi,Yemen,2021-12-19,6974.81,True
186,Shawna Anderson,srussell@tran.info,21,Jessicastad,Qatar,2024-03-28,7912.69,True
187,John Wilson,jennadavies@gmail.com,31,Martinezborough,Djibouti,2023-06-19,7575.69,True
188,Jonathan Simmons,cshort@hansen.net,56,Flemingberg,Saint Helena,2021-05-20,660.79,True
189,John Nicholson,gmoses@yahoo.com,67,Port Kathleenville,United States Virgin Islands,2023-12-19,4715.76,False
190,Jeffery Bell,qsmith@yahoo.com,29,Klineberg,Egypt,2024-10-31,2923.02,False
191,Elizabeth Murphy,romanjames@conway.com,42,Beckerstad,Morocco,2023-01-30,8941.57,False
192,Kristen Forbes,scott27@gross.com,69,Anthonyfort,Belgium,2023-05-21,4420.13,False
193,Joshua Carter,mmills@gmail.com,65,Daniellechester,Costa Rica,2022-05-05,1478.46,False
194,Kyle Mitchell,lchoi@fitzgerald.info,21,Port Charles,Qatar,2022-01-27,8900.26,False
195,Lauren Nguyen,scott87@kennedy-carr.com,53,Port Lisaborough,Burkina Faso,2025-05-15,2153.56,True
196,Robert Meyer,jeremy62@hotmail.com,40,New Arthurfurt,Saint Pierre and Miquelon,2021-05-28,5538.37,False
197,Deborah Hunter,sara13@hotmail.com,39,Port Samuel,Andorra,2021-12-31,8504.82,True
198,John Goodwin,crystal81@gmail.com,46,Amberchester,Romania,2022-10-24,4231.88,True
199,Kenneth Hale,csalazar@walton.com,50,Yangview,Barbados,2025-01-12,786.99,False
200,Randall Rodriguez,mannadam@rose.org,57,Randyberg,Kenya,2020-11-22,2965.64,True
201,John Franklin,amandarocha@gmail.com,55,Gardnerberg,San Marino,2025-04-25,582.35,False
202,Edward Woods,elizabeth65@marshall.biz,53,Lake Rachelmouth,Ireland,2024-07-23,8559.48,True
203,Stacy Horton,shepherdtheresa@martinez-delgado.com,22,Brockfort,Saint Barthelemy,2022-09-23,1549.99,True
204,Ronald Davis,veronica45@yahoo.com,26,Markburgh,Timor-Leste,2022-06-11,5222.01,True
205,Sabrina Atkinson,ohart@gmail.com,57,Racheltown,Tajikistan,2021-09-01,5843.72,False
206,Ms. Kristina Sloan,clayton86@perry.biz,39,West Beth,Brazil,2024-04-10,7428.43,True
207,James Brown,reyesbrent@howell.com,45,Andrewstad,Ghana,2021-12-28,1568.09,True
208,Michael Bullock,erika89@miles.com,53,Ryanland,Holy See (Vatican City State),2021-05-21,9880.23,False
209,Thomas Beasley,tami98@brooks-vazquez.com,29,Port Joshuafort,South Georgia and the South Sandwich Islands,2021-07-15,7935.32,False
210,Sheila Jones,nathan93@lee-watson.com,58,Karaside,Botswana,2023-02-17,6009.16,False
211,Andrea Lopez,robert21@hotmail.com,63,Benjaminberg,Ethiopia,2024-09-30,3286.69,True
212,Luke Petersen,zbarker@gardner-wright.org,52,Onealmouth,Micronesia,2025-06-06,4608.77,True
213,Michelle Hickman,renee60@arellano.com,47,Wilsonchester,Equatorial Guinea,2022-06-25,1070.28,True
214,Deborah Kelly,stevenphillips@scott.org,60,Port Mark,Nicaragua,2021-01-27,6048.55,False
215,Laurie Murphy,gaineswilliam@yahoo.com,56,Mirandamouth,Zimbabwe,2023-03-30,7595.91,True
216,Max Ortiz,xbaker@hendrix-thomas.net,53,Joshuaton,Kenya,2022-05-27,8203.22,False
217,Kimberly Lawrence,abennett@johnson.org,57,Calderonton,Kuwait,2022-08-02,4528.26,True
218,Sara Poole,kennedybrenda@hotmail.com,62,Port Emilyburgh,Maldives,2025-03-21,9330.48,True
219,Michele Miller DDS,michelle51@diaz-jackson.com,62,Fergusonmouth,Cayman Islands,2024-06-20,3683.36,False
220,Kelly Bailey,gooddouglas@hayes-brady.biz,43,Hammondtown,Yemen,2024-02-15,3351.78,True
221,Kimberly Aguilar,hernandezrobert@yahoo.com,57,West Trevorstad,Isle of Man,2023-07-07,6354.86,False
222,Maurice Perez,pamela62@hotmail.com,62,South Richard,Gibraltar,2023-01-01,3008.58,True
223,Kimberly Harris,sabrinaedwards@gmail.com,26,West Robert,Italy,2023-10-28,6133.38,False
224,Amanda Wade,hortonlisa@fletcher-lee.com,38,Duranshire,Estonia,2021-01-20,8798.99,False
225,Molly Rodriguez DVM,cheryl69@gmail.com,56,Christopherfurt,Belgium,2022-06-07,4147.74,False
226,Kelsey Ellison,autumngonzalez@gmail.com,61,New Taylor,Barbados,2024-09-05,4428.79,False
227,Amy Mason,randalljacqueline@medina.org,39,Hillfurt,Switzerland,2024-06-23,6740.15,False
228,Christy Dickerson,natalie92@chavez-sutton.com,42,North Kristiton,Bahrain,2020-12-22,2952.68,True
229,John Hicks,lstevens@gmail.com,54,Hartmanfort,Cook Islands,2021-08-09,9662.25,True
230,Paige Newman,rjoseph@santos.com,57,Kennedymouth,Bolivia,2021-02-05,1476.28,False
231,Christopher Armstrong,yorkstephanie@yahoo.com,58,Cameronside,Kiribati,2022-01-03,7648.45,True
232,Jacob Bowers,eric04@hotmail.com,19,New Kathleenland,Faroe Islands,2022-02-03,2794.17,True
233,Maria Bowman,buchanandana@garza.com,28,Hooverton,Pitcairn Islands,2020-11-30,8002.58,False
234,Lori Walls,nprice@wade.com,22,North Leonardfurt,El Salvador,2020-11-10,1619.16,True
235,Rita Rubio,taylorchristopher@ayala-brown.com,23,North Ricardo,Zimbabwe,2022-07-19,4415.86,False
236,Daniel Hernandez,sanchezjennifer@murillo.biz,65,East Cynthia,Guinea-Bissau,2025-09-21,8214.45,True
237,Jimmy Hayes,michaelhubbard@hotmail.com,66,North Christinachester,Luxembourg,2025-04-10,520.06,False
238,Stephen Richardson,phillip62@dunlap.com,57,Port Nancyhaven,Barbados,2023-09-25,6490.05,True
239,Jaime Norton,scottgarrett@burns.net,34,Sarafurt,Cambodia,2024-07-10,6064.13,True
240,Kimberly Webb,deborahkramer@yahoo.com,30,Thomaschester,El Salvador,2022-02-01,4883.61,True
241,Robert Delgado,manuel56@young.com,64,Robertmouth,French Guiana,2025-02-16,803.85,False
242,William Lewis,navarrocheryl@gomez-savage.com,41,Sandrafort,Dominican Republic,2021-04-06,6254.31,True
243,Dylan Vincent,rachel41@gmail.com,27,Floydbury,Guatemala,2023-07-18,4013.99,True
244,Janice Mejia,zlopez@yahoo.com,65,West Bettyport,Anguilla,2020-10-22,6707.45,True
245,Justin Perez,martinstewart@willis.com,69,Aaronbury,Cape Verde,2023-01-26,8297.28,False
246,Julie Jones,charlesdouglas@hebert-maxwell.org,38,Curtismouth,South Africa,2024-08-11,8817.4,True
247,Zachary Richards,slambert@hotmail.com,67,North Rebeccaborough,Trinidad and Tobago,2023-02-23,6962.0,False
248,Madison Gaines,rbright@gmail.com,65,Port Dylan,Sri Lanka,2021-03-29,5580.28,False
249,Scott House,scampbell@gmail.com,50,Casefort,Western Sahara,2022-08-11,1579.66,True
250,Kimberly Hebert,hstephens@gmail.com,54,Arnoldfort,Venezuela,2025-02-15,2465.68,False
251,Kelly Anderson,hjames@hotmail.com,42,South Michelletown,Jamaica,2020-12-13,6016.57,False
252,Scott Andrews,vgonzalez@williamson.info,37,East Maryport,Peru,2021-04-10,5299.57,True
253,Tracey Glover PhD,padillasusan@hotmail.com,29,Stevenfort,Congo,2025-01-31,936.18,True
254,Pamela Robinson DVM,angela35@gmail.com,52,North Jeffreyton,Albania,2020-11-09,2362.57,False
255,Robin Greene,greermichael@gmail.com,58,Port Johnathanland,Cape Verde,2022-02-10,7457.81,True
256,Andrew Romero,wtaylor@gmail.com,36,North Sergioshire,Heard Island and McDonald Islands,2020-11-02,6703.01,True
257,Jacqueline Ibarra,cartererin@yahoo.com,34,South Jamesside,Argentina,2023-01-31,5252.13,True
258,Shawn Williams,ericaholloway@pham-russell.info,61,Jeffreyfort,Micronesia,2024-12-13,6918.64,False
259,Charles Boyd Jr.,jmitchell@fernandez.com,28,Chenborough,Lao People's Democratic Republic,2024-02-08,5543.87,True
260,Christopher Hodge,brianroman@steele-armstrong.com,58,Bradleytown,Barbados,2025-06-11,1610.27,True
261,Alexandra Rodgers,brandon00@white.com,58,South Jenniferstad,Cyprus,2024-05-15,1038.2,True
262,Jason Knight,zbrown@rose-lee.info,53,Beltranmouth,Belize,2022-09-16,5135.35,True
263,Ms. Elizabeth Hogan MD,keithwatts@mcgrath.net,65,Toddchester,Mongolia,2024-05-26,7806.76,False
264,Darlene Ward,brian66@turner.com,18,South Johnville,Chad,2024-06-30,6673.92,False
265,Amanda Potter,jason49@gibson.com,61,New Pamland,Finland,2022-06-23,3947.41,False
266,Teresa Reese,bailey99@gmail.com,33,North Amandachester,Italy,2024-12-28,9642.05,True
267,Christine Ortega,ojohnson@thompson.com,67,Port Gerald,Bosnia and Herzegovina,2021-05-12,6010.47,True
268,Karen Gray,jesparza@hooper.com,46,Port Juliaburgh,Holy See (Vatican City State),2025-09-08,1184.18,True
269,Jane Gordon,nbailey@yahoo.com,62,New Lisa,Chad,2025-02-21,8301.78,False
270,Jeffrey Collins,vanessadominguez@gill.com,37,North John,Thailand,2023-08-15,8534.17,False
271,Jessica Austin,molly16@stafford.com,51,Travisberg,New Caledonia,2024-01-10,9479.4,True
272,Christopher Simmons,nbarton@torres-green.com,44,Karenland,Lithuania,2021-05-02,3479.02,False
273,Matthew Clark,trevordavis@hotmail.com,19,South Laura,Wallis and Futuna,2021-05-27,5840.73,True
274,Brenda Andrade,victoria50@gmail.com,54,New Tyler,Ghana,2020-11-17,5324.58,False
275,Kayla Johnson,qparker@gmail.com,43,Georgemouth,Kuwait,2025-05-26,4269.57,False
276,Michael Carter,meredithrodriguez@yahoo.com,48,Simonfort,Tanzania,2022-06-12,1247.74,True
277,Shelby Rodriguez,murraydavid@gmail.com,29,Blakeville,Uganda,2024-05-17,6434.49,True
278,Joshua Carter,kevin96@collins.com,25,Lake Michael,Taiwan,2023-01-31,5086.99,True
279,Christina Crawford,eray@gmail.com,25,Cynthiaburgh,Burundi,2021-10-24,3651.89,False
280,Tanya Hernandez,alewis@gmail.com,28,Markville,United States Virgin Islands,2021-09-16,2423.47,True
281,Michael Lee,youngvanessa@yahoo.com,54,Matthewberg,Sao Tome and Principe,2021-04-13,8207.27,True
282,Anna Carpenter,tcollins@baldwin.biz,25,Jofort,Anguilla,2023-04-29,6679.96,True
283,Emily Cooper,arodriguez@stevens.com,58,New George,France,2025-10-18,360.77,False
284,Amy Conner,tyler93@phillips.com,35,Donaldsonfurt,Mexico,2024-01-28,3960.73,True
285,Eric Wright,watsonjeremy@gmail.com,31,Olsonbury,Dominica,2022-09-21,7232.63,True
286,Andrea Owen,tylerwilliam@mays.com,40,Port Thomasborough,Sudan,2024-06-22,6374.71,False
287,Mr. Austin Long,znguyen@gmail.com,32,Lake Nicholas,Paraguay,2022-01-18,1223.78,True
288,Nathan Stone,ngalvan@gmail.com,44,Joshuastad,Burkina Faso,2023-06-23,3462.01,False
289,David Turner,richard02@watts-hudson.info,64,New Juliafurt,Saudi Arabia,2022-04-04,7604.39,False
290,Dr. Gary May,rromero@hotmail.com,22,Katherinestad,Marshall Islands,2022-11-04,9532.01,True
291,Mary Castillo,michael00@rice.biz,39,West Jessica,Northern Mariana Islands,2025-02-09,569.56,False
292,Joshua Allen,nicholas66@benton.com,53,North Jorgebury,Bangladesh,2025-05-07,1708.2,True
293,Rachael Lewis,elizabeth19@gmail.com,47,Clarkborough,Guadeloupe,2020-11-01,3185.89,False
294,Stephen Norris,yerickson@james-fuentes.com,65,Juanmouth,Swaziland,2022-12-18,8161.87,True
295,Mariah Lewis,sthomas@hotmail.com,53,Travisstad,Libyan Arab Jamahiriya,2025-03-13,5037.97,False
296,Brandi Long,fduffy@yahoo.com,29,East Kristiberg,Cyprus,2021-07-12,5850.38,True
297,Richard Payne,bowmannathan@lee.info,46,West James,Qatar,2024-07-10,113.99,False
298,Chelsea Lewis,thompsonamanda@jones.com,27,Harveyton,Algeria,2025-07-09,7217.17,True
299,Catherine Calhoun,cynthiajordan@yahoo.com,61,Wrightburgh,United States Virgin Islands,2024-04-25,7363.27,False
300,Brianna Lopez,scottflores@ramirez.com,44,Josephtown,Guernsey,2023-07-28,1149.03,False
301,Melanie Hendricks,thompsontiffany@byrd.com,61,New Timothymouth,Cook Islands,2022-04-18,8235.23,True
302,Andrew Russo,calexander@myers-thompson.com,21,Garyside,Rwanda,2024-05-18,7336.87,True
303,Kenneth Lutz,egross@gmail.com,37,South Sharonmouth,Andorra,2024-10-19,3419.77,False
304,Karen Cervantes,hphillips@woods.com,65,Hoodland,Libyan Arab Jamahiriya,2023-09-12,9223.84,True
305,Kimberly Ryan,kimberly24@gmail.com,38,Michaelview,Falkland Islands (Malvinas),2021-04-08,9851.95,True
306,Linda Andrade,elizabethhall@robbins-lee.biz,34,New Samuelport,France,2021-08-20,1270.4,True
307,Cassandra Ray,nhenry@yahoo.com,39,Smithton,Serbia,2025-04-01,4661.79,False
308,Joshua Wright,millerdillon@valencia.com,54,New Shaneport,Montenegro,2021-07-10,5177.15,False
309,Jason Nash,mark03@gmail.com,36,North Robert,Greenland,2022-05-24,5887.28,False
310,Jill Green,marcusvargas@gmail.com,23,Charlenefurt,Guyana,2025-09-05,8800.16,False
311,Savannah Fox,mark71@gmail.com,47,South Jerry,Chile,2024-03-14,767.53,False
312,Carol Hicks,kboyd@jacobs.com,57,South Jonland,Kazakhstan,2021-06-11,6560.25,False
313,Erica Long,michaelrich@hotmail.com,66,South Tracy,Panama,2021-10-10,3569.78,True
314,Jason Contreras,nberry@yahoo.com,20,New John,Uruguay,2022-11-24,428.21,True
315,Troy Sandoval,rpotter@hotmail.com,18,West Audrey,Liberia,2025-02-05,9080.21,True
316,Colleen Peterson,ryan09@graham.com,45,Jonesport,United States Virgin Islands,2021-08-16,1702.84,False
317,Tamara Hicks,schmidtjacob@monroe.com,42,Tateland,Pakistan,2021-03-09,2353.42,False
318,Tracy Peterson,browncourtney@collins.com,35,Port Mistyview,Wallis and Futuna,2023-11-07,5283.36,True
319,Jennifer Bowers,mendozagabrielle@rice-wilson.org,68,Petersborough,Vanuatu,2023-12-11,2024.46,True
320,Stephen Jarvis,ncaldwell@yahoo.com,28,North Alexandershire,Moldova,2024-10-17,4270.03,False
321,Jennifer Johnson,eric67@lara.com,38,Lauraborough,Guernsey,2023-05-18,3514.45,True
322,Stephanie Miller DDS,tcollins@cruz-soto.com,23,Patriciafurt,Austria,2024-12-20,5307.15,False
323,Jonathan Thomas,rogerallen@reed.biz,52,North Patrick,United States Minor Outlying Islands,2024-02-20,7028.94,False
324,Stephanie Smith,brittany08@terry.com,66,West Adam,San Marino,2021-03-03,8211.01,False
325,Timothy Church,brittanychen@gibson.biz,21,Lake Elizabeth,Bangladesh,2023-03-27,9850.61,True
326,Victor Hansen,georgehuff@gmail.com,32,Keithside,Somalia,2023-08-29,3565.25,False
327,Willie Wallace,stewartdavid@lowery.biz,36,West Michaelchester,Namibia,2021-06-24,9308.95,False
328,Daniel Brooks,steven56@yahoo.com,22,New Amberburgh,Latvia,2024-06-04,2303.9,False
329,Charlotte Harris,zclark@gmail.com,49,Samuelbury,Vietnam,2021-04-05,4226.51,True
330,John Andrade,butlermichael@potter.com,61,New Nicoleville,Saint Barthelemy,2022-05-13,4267.37,False
331,Timothy Chapman,richardshea@gmail.com,53,Halestad,Austria,2021-05-17,9753.13,True
332,Shawn Rivera,brent84@gmail.com,49,Brewershire,Cape Verde,2024-03-07,8573.09,True
333,Timothy Duncan,alexis02@delgado.com,28,South Stephanie,United States Minor Outlying Islands,2022-11-10,8836.02,True
334,Mariah Rowe,zwhite@rogers.com,56,Katelynborough,Antigua and Barbuda,2021-07-19,3073.71,False
335,Mr. William Hurley,christopherclark@hotmail.com,29,Edwinside,Solomon Islands,2023-07-20,3086.41,False
336,Jeffrey Howard,michealkaufman@hotmail.com,44,North Amytown,Azerbaijan,2023-04-17,4198.68,False
337,Andrea Smith,rmays@yahoo.com,43,South Lawrenceborough,Sao Tome and Principe,2022-02-16,6140.59,True
338,James Perez,johnny77@hotmail.com,20,Port Christopher,Brunei Darussalam,2023-11-05,1716.12,False
339,Michael Delacruz,dwiley@jones-anderson.info,55,Brittanytown,Congo,2023-08-15,2418.33,False
340,Kelly Lopez,fjohnson@hotmail.com,44,West Coryview,Indonesia,2025-03-04,345.36,True
341,Randy Acosta,ejohnson@gmail.com,37,Christineton,Croatia,2024-12-28,7053.14,True
342,Sydney Beard,lindsey68@hayes-hamilton.com,66,Jamesstad,Canada,2024-06-18,1309.28,False
343,Marc Rivera,steven19@phillips-thompson.com,33,Shannonfort,Jamaica,2024-09-27,5351.88,False
344,Joseph Hernandez,gilbertjasmine@gmail.com,57,Orozcostad,Micronesia,2020-12-15,8905.51,False
345,Destiny Baker,melaniewood@hotmail.com,45,New Lisamouth,Hungary,2023-07-11,7745.3,True
346,Shirley Huang,pruittrebecca@hotmail.com,30,Kathleenberg,Ecuador,2025-03-04,8792.74,False
347,Cheryl Salazar,garcialonnie@thompson.com,20,West Travis,Armenia,2021-08-11,4844.49,False
348,Angela Sullivan,brownjake@hill.info,23,Port Karen,Guinea-Bissau,2021-12-06,872.94,True
349,Ricardo Armstrong,petersontyler@doyle-english.com,52,New Amyburgh,Ghana,2025-03-29,2846.4,True
350,Randall Nolan,abrown@rodriguez-king.net,57,Melissamouth,Djibouti,2024-01-14,3772.97,False
351,Timothy Roth,denisebaker@hotmail.com,28,New Paul,Jordan,2021-09-11,5563.4,False
352,Cindy Bennett,rayjimmy@hotmail.com,32,Harpershire,Chile,2023-05-05,2932.16,False
353,Courtney Farley,meganholmes@gmail.com,63,Barbarafurt,United States Minor Outlying Islands,2024-11-17,7890.24,True
354,Jacob Hawkins,boydkathryn@yahoo.com,68,Heathhaven,Bulgaria,2024-06-07,1378.65,True
355,Cathy Wise,jgray@hotmail.com,66,Sharonville,Lithuania,2024-07-30,9161.9,True
356,William Hutchinson DVM,christianrodriguez@thomas-smith.biz,47,Kempchester,Montenegro,2022-08-18,3805.04,True
357,Scott Henderson,ljordan@nelson-ford.com,51,North Gloriahaven,Solomon Islands,2021-06-15,6169.94,True
358,Carolyn Moore,dustinlutz@yahoo.com,25,Debbiemouth,Chad,2021-01-22,6285.5,False
359,Michael Jones,joneschristopher@roberts-johnson.org,39,South Jean,Saint Pierre and Miquelon,2023-10-07,1327.68,False
360,Cassandra Carr,steven76@allen-vazquez.biz,29,Amandaland,New Zealand,2024-05-09,9314.94,False
361,Christopher Cannon,simmonsamy@hill.biz,50,New Albert,Djibouti,2022-09-24,5223.42,True
362,Sarah Weber,zalexander@evans.net,61,North Johnburgh,Afghanistan,2021-12-20,5871.37,False
363,Donald Gonzalez,whamilton@yahoo.com,36,Wilkinsonside,Turkmenistan,2023-08-13,9454.92,False
364,Nathan Castillo,thomasderrick@yahoo.com,59,South Patrickville,Uzbekistan,2025-07-06,8704.62,False
365,David Ramos,kempzachary@gmail.com,68,West Briannaburgh,Vietnam,2024-04-15,9793.02,True
366,Kelly Thomas,fernandezmelissa@hotmail.com,60,Port Philipberg,El Salvador,2023-07-05,8265.19,True
367,Amy Estrada,olsonandrew@gmail.com,44,Lawsonshire,Pakistan,2025-08-06,5535.94,True
368,Steve Tucker,westzoe@gmail.com,26,West Christopher,Argentina,2025-09-24,1839.75,True
369,Angela Sanchez,austin50@hotmail.com,37,Williamsfurt,Mauritius,2022-04-11,7546.46,False
370,Erin Patrick,nathanieljohnson@hotmail.com,59,West Kelly,Chile,2024-07-21,4220.69,True
371,Carl Novak,pmccarthy@johnson.com,37,East Christopher,Djibouti,2023-08-07,9741.03,False
372,Melissa Palmer,michelleshea@yahoo.com,55,New Jimmyborough,Norway,2024-11-09,6788.93,False
373,Michael Daniel,whitney22@yahoo.com,20,Hooperview,Djibouti,2024-02-02,9470.04,True
374,Vanessa Romero,hoganmartin@yahoo.com,62,New Luis,Heard Island and McDonald Islands,2020-10-27,6663.01,False
375,Beverly Goodwin DDS,tsmith@carter.com,59,Christopherborough,Western Sahara,2024-03-31,7551.0,True
376,Jose Golden,lloydjessica@warner.com,44,East Keithtown,Aruba,2025-09-13,4143.03,False
377,Mary Christian,edwardsmichael@hotmail.com,18,New Steven,Tuvalu,2024-12-23,7518.95,True
378,Tyler Lynch,umiller@gmail.com,56,East Lisa,Georgia,2021-09-06,9393.71,True
379,Luis Jones,james19@goodman.com,49,South Samuelmouth,Congo,2022-12-31,9053.66,True
380,Adam Rose,karenyoung@campos.net,38,Jacksonland,Indonesia,2021-04-22,5239.37,True
381,Vincent Bennett,elizabeth60@hotmail.com,19,Michaelstad,Algeria,2022-12-27,999.31,False
382,Jennifer Vaughan,pamelarivera@roth.org,38,Lake Rebeccaport,Finland,2021-12-11,3733.88,False
383,Tammy Jones,williamfisher@gray-martinez.biz,62,Lake Michaelview,Bouvet Island (Bouvetoya),2022-11-24,2428.83,True
384,Allison Ferguson,bbrooks@evans.com,29,Alexandriatown,Paraguay,2022-02-06,1725.88,False
385,Eric Rhodes,lopezanna@gmail.com,45,East Williamchester,Samoa,2022-01-11,8901.56,False
386,Mark Walsh,leetracy@gmail.com,64,Jaredview,Isle of Man,2025-02-03,8878.59,False
387,Anne Russo,morganrobert@gmail.com,33,East Vanessaview,South Africa,2024-05-17,9759.55,True
388,Cynthia Wilson,hicksdaniel@hotmail.com,32,Bryanside,Iran,2022-08-06,776.64,True
389,Jerry Hull,andre42@hotmail.com,25,North Jessicamouth,Indonesia,2021-10-24,7715.22,True
390,Jeffery Schultz,bradfordryan@wyatt.com,41,East Williamside,Georgia,2022-10-18,3744.13,False
391,Mark Hester,leedarrell@hotmail.com,18,Stephenshire,Thailand,2024-09-21,5103.09,False
392,Elaine Jackson,jonathongreen@hotmail.com,55,North Marcus,Belgium,2025-02-11,3253.78,False
393,Debbie Pena,janice68@hotmail.com,18,South Erica,Netherlands Antilles,2023-05-19,5727.32,True
394,John Travis,zjohnson@fisher-orr.com,55,Port Kimberlytown,Yemen,2025-06-25,3773.03,True
395,Gregory Fisher,brian38@hotmail.com,35,Port Suzannechester,Afghanistan,2024-07-09,6310.19,False
396,Lori Ruiz,gmacias@carpenter-sherman.com,33,Bauerfort,Equatorial Guinea,2024-01-26,5093.39,True
397,Jennifer Love,andrewvaldez@yahoo.com,25,New Brittanychester,Svalbard & Jan Mayen Islands,2024-08-07,2227.92,False
398,Jonathan Ellis,thomasalicia@hotmail.com,48,Camachomouth,Venezuela,2025-05-04,5742.21,True
399,Matthew Baker,ucastillo@gmail.com,35,Port Keith,Reunion,2020-11-16,7689.89,True
400,Kimberly Green,kathleen86@terry-joseph.com,31,Anthonyfurt,Kyrgyz Republic,2023-05-31,6544.62,False
401,Rebecca Sanchez MD,natashahernandez@phillips-wright.com,48,Port Sarahfurt,Bouvet Island (Bouvetoya),2025-05-20,9098.97,False
402,Marco Shepherd,matthew60@hart.com,64,Banksmouth,Serbia,2021-08-16,3171.9,True
403,Ann Hartman,kenneth65@caldwell.com,58,Avilaton,Turks and Caicos Islands,2021-06-16,6718.24,False
404,Mr. Jordan Morris,delacruzmonica@hotmail.com,51,Thomasberg,Azerbaijan,2024-07-11,6030.76,False
405,Steven Hayes,elevy@vaughn-parker.org,54,Kaylachester,Burundi,2025-01-05,8559.75,False
406,Howard Cuevas,sanderslisa@yahoo.com,49,Amandabury,Iceland,2022-03-05,3174.59,False
407,John Martinez,jacob97@hotmail.com,36,Port Deanhaven,Wallis and Futuna,2025-09-06,6277.31,True
408,Kevin Torres,morgandavid@brown.com,38,Wendyburgh,Kuwait,2023-10-09,4275.34,True
409,Christopher Smith,snelson@young.org,54,West Todd,American Samoa,2023-12-31,8289.98,True
410,Edward Sheppard PhD,hartmanmichael@yahoo.com,45,Friedmanmouth,Anguilla,2021-02-22,8724.86,False
411,Javier Ponce,fosterjames@gmail.com,26,Petersonhaven,Venezuela,2024-03-15,9282.02,True
412,Dr. Ian Ross DDS,bhernandez@yahoo.com,32,Hughesborough,Venezuela,2020-12-19,7732.61,True
413,Eric Nelson,mkoch@hotmail.com,52,South Desiree,Portugal,2024-01-08,2849.42,True
414,Jeffery Jefferson,molly09@gmail.com,49,Matthewtown,Australia,2022-07-18,5000.22,True
415,Susan King,garciasarah@hotmail.com,45,Zacharyland,Chile,2022-02-17,1016.09,True
416,Alexander Sandoval,xmcmillan@wright.com,47,Deanchester,Cameroon,2022-02-13,3316.41,True
417,Tricia Mueller,rodriguezjames@hotmail.com,46,Franciscoside,Argentina,2023-04-24,4197.52,True
418,Robert Bradley,kayla88@hotmail.com,36,Jordanbury,Estonia,2021-06-16,9827.02,False
419,Linda Ruiz,andersencrystal@hotmail.com,21,West Victorton,Nigeria,2022-03-08,1035.34,False
420,Jaime Davidson,alexabrooks@hotmail.com,50,Millsmouth,Reunion,2022-03-24,7143.69,True
421,Martha Williams,evansjessica@hill.com,27,Brycefort,Afghanistan,2022-05-26,8023.77,True
422,Alexis Garza,martinezphilip@hotmail.com,29,Ramoschester,Isle of Man,2024-12-10,8884.05,False
423,Timothy Riley,zritter@hill.com,66,Rogersview,Eritrea,2023-04-18,5255.06,True
424,Zachary Taylor,durhamjennifer@hotmail.com,24,East Samuel,British Virgin Islands,2024-10-09,2908.12,False
425,Kelly Camacho,hdickerson@hotmail.com,58,South Cassandraside,Switzerland,2021-02-22,8013.27,True
426,Amy Caldwell,sharon12@hudson.biz,69,Danielsfurt,Afghanistan,2024-04-10,841.87,True
427,Andrea Martin,brooke13@gmail.com,58,Maryton,Nauru,2023-08-05,9724.24,True
428,Amber Mueller,carolineromero@hotmail.com,18,Lake Brooketown,Maldives,2023-09-14,7758.37,True
429,Adam Jones,dickersoneric@gmail.com,52,West Heidi,Equatorial Guinea,2021-03-18,5674.84,False
430,Thomas Woodward,carl88@hotmail.com,30,South Markport,Trinidad and Tobago,2025-02-16,9691.07,True
431,Robert Jones,amandajackson@yahoo.com,43,New Anthonyville,Serbia,2022-07-17,7329.28,True
432,Jessica Kelly,hpage@perry.com,59,Port Kelseymouth,Svalbard & Jan Mayen Islands,2022-06-05,6651.16,False
433,William Michael,melissawells@hotmail.com,23,Ortizshire,France,2021-03-11,5869.56,True
434,Daniel Cox,traceysmith@moreno-cook.com,39,Lake Aprilfort,Christmas Island,2021-02-12,9311.0,False
435,Sarah Aguilar,joshua65@mills.com,23,Campbelltown,United States Virgin Islands,2021-07-23,7144.12,True
436,Theodore Adams,scottkatherine@hotmail.com,52,Fernandezton,Morocco,2022-03-04,9223.71,False
437,Shawn Kline,jeffrey59@hotmail.com,35,Nguyenchester,Lithuania,2022-08-06,5280.98,False
438,Joseph Gutierrez,thomasrebekah@dickson-hernandez.org,45,New Erinshire,Sao Tome and Principe,2025-01-24,2791.4,False
439,Randy Larson,rmarquez@yahoo.com,55,Millerland,Grenada,2024-03-27,6176.17,False
440,Amy Hernandez,lisa83@green.biz,53,New Tammieside,Thailand,2022-07-29,8384.25,True
441,Leah Castro,fshannon@martin.com,56,South Tammymouth,Martinique,2021-07-08,4077.41,True
442,Anthony Shaw,davidyoung@scott.info,20,Lake Kathleentown,Mozambique,2024-03-07,5797.89,False
443,Lisa Petersen,annawinters@hotmail.com,61,Lake Lisaburgh,Ethiopia,2023-01-23,4386.8,False
444,Stephanie Cook,erica38@mclaughlin.com,34,West Amy,Bolivia,2020-11-06,6824.98,False
445,Daniel Hernandez,ghamilton@compton.com,41,West Jeffrey,Cambodia,2021-12-20,9102.84,False
446,Jacqueline Cochran,alexandra12@hotmail.com,44,North Robin,Guinea,2022-11-10,5341.14,True
447,Brandy Kennedy,michellealexander@lozano-crane.com,43,Whiteburgh,Bhutan,2023-09-19,5436.06,False
448,Austin Torres,figueroamelody@reese.com,65,Johnsonborough,Armenia,2021-08-22,6605.2,False
449,Chelsea Case,ronaldhall@gmail.com,60,Dawnside,Cote d'Ivoire,2025-03-21,9592.14,True
450,Chelsea Barnes,gbyrd@yahoo.com,52,Port Marco,Uruguay,2023-11-15,3255.65,False
451,Adam Evans,isantana@taylor.com,39,Julietown,Malaysia,2021-10-06,2077.8,False
452,Sheri Jones,davidwilliams@higgins.com,42,Brianfort,Benin,2020-10-31,7951.82,True
453,Jennifer Hill,dennis01@gmail.com,58,Port Stacey,Bangladesh,2023-10-21,397.29,False
454,Jennifer Durham,bushlauren@good.com,19,Juliastad,Dominica,2023-03-29,3520.1,True
455,Amanda Hanson,jcarpenter@yahoo.com,69,Lisaburgh,Thailand,2022-03-28,207.14,False
456,Lisa Torres,awilson@hotmail.com,61,East Tammieborough,Kiribati,2025-01-24,2315.73,False
457,Alexis Jones,pmontes@lawrence-edwards.net,26,Dennisport,French Southern Territories,2022-09-13,4288.17,False
458,Brittany Mayo,dylan29@russell.com,41,Arthurhaven,Lebanon,2025-02-15,6417.75,False
459,Eric Bird,osims@shepard.com,30,Kellyville,Suriname,2022-11-05,2412.93,False
460,Joseph Gomez,pwright@miller.com,30,West Olivialand,Angola,2022-08-06,503.72,False
461,Gabrielle Hansen,gutierrezkeith@reed-blackwell.org,32,Lydiaport,Bosnia and Herzegovina,2025-04-12,8094.0,False
462,Jacqueline Anderson,murphyerin@gmail.com,23,Lake Robertside,Mayotte,2024-10-07,7915.52,False
463,Paula Wilson DDS,walkerjamie@hotmail.com,32,North John,Italy,2021-04-11,2312.3,False
464,Kenneth Lynn,dkelly@patel.com,51,East Ianshire,El Salvador,2021-11-28,3250.48,False
465,Rhonda Vaughan,kim94@martinez.com,28,Ortizfurt,Ethiopia,2022-09-09,4511.86,True
466,Ashley Bonilla,tarajohnson@yahoo.com,23,Port Kathleen,New Zealand,2024-10-20,3863.61,True
467,Paul Good,daniel19@chavez-long.com,69,West Shaneburgh,Tanzania,2022-04-17,4012.94,False
468,Joseph Curry,nelsontammy@peterson-wilson.com,23,Nguyenchester,Dominica,2022-10-11,1922.34,True
469,Jack Green,ywilliams@pennington.com,35,North Davidmouth,Sudan,2021-04-15,6151.36,True
470,Michael Welch,mcdanielpedro@harrison.biz,34,Lake John,Luxembourg,2023-03-23,5279.18,True
471,Melanie Richardson,michaelhartman@gmail.com,25,North Brian,Mongolia,2020-12-14,6248.2,True
472,Todd Hays,phillipsteresa@hernandez.com,25,Michelletown,Eritrea,2025-08-15,1041.22,False
473,Harold Hall,michael85@yahoo.com,25,East Garyhaven,Guatemala,2025-03-25,6878.53,True
474,Angela Solomon,duarteryan@blair.biz,35,Ramirezville,Benin,2021-09-17,598.5,True
475,Christine Smith,bennettelizabeth@yahoo.com,60,North Gregory,Andorra,2024-04-03,4105.56,False
476,Linda Silva,nwilliams@gmail.com,68,Timothyshire,Italy,2024-05-19,7747.3,False
477,James Fletcher,laurenlong@yahoo.com,40,Rachelburgh,Belize,2023-11-09,101.15,False
478,Christopher Myers,vincentwalker@henderson-johnson.biz,56,Meredithville,American Samoa,2022-02-13,9754.67,True
479,Heather Curry,phillipspeter@garrett.net,28,New Steve,Nicaragua,2024-02-29,9166.3,True
480,Robert Taylor,frobinson@gmail.com,34,Bernardville,Suriname,2023-03-26,1410.26,True
481,Brian Wright,meagan78@torres.com,38,Scottmouth,Uzbekistan,2022-12-16,6890.88,False
482,Steven Booker,amber40@hotmail.com,35,Port Julia,Vanuatu,2022-12-08,8771.4,True
483,Randy Kramer,mwilliams@wilson.net,44,West Jamieside,Cuba,2022-12-28,1530.37,False
484,Molly Walter,hesterrobin@hotmail.com,45,Aguirrestad,Burundi,2025-01-21,2909.04,False
485,Ronald Douglas,lynchashley@hotmail.com,23,South Aaronfort,Togo,2022-02-21,6968.54,False
486,Cheryl Baker,svance@gmail.com,51,South Kelly,Uruguay,2024-04-23,5571.57,True
487,Brenda Hernandez,flemingcody@yahoo.com,32,Nguyenton,Mauritania,2021-05-04,9247.36,False
488,Kelly Lewis,cynthia82@young.com,37,Stephenbury,United Kingdom,2021-11-17,6808.81,False
489,David Bennett,lindafrench@yahoo.com,58,West Tiffanyport,United States Virgin Islands,2022-02-24,5283.32,True
490,Gregory Walker,sarah59@erickson.com,35,West Austin,Sierra Leone,2021-08-05,1609.1,True
491,Jessica Black,mary66@hotmail.com,64,Lake Courtney,Guernsey,2022-05-24,2674.68,True
492,Jennifer Tran,destiny94@gmail.com,56,Port Michael,Lesotho,2022-11-10,9933.35,False
493,Seth Jackson,xgordon@gmail.com,39,East Gabrielashire,Czech Republic,2023-04-23,3813.75,True
494,Michael Watson,wadejames@mcdaniel.info,49,Port Nancy,Netherlands,2023-09-01,7956.67,True
495,Kathryn Rogers,valerie07@savage-hunt.com,30,Port Daniel,Belgium,2023-10-21,3439.95,True
496,John Moore,willie50@hotmail.com,20,Millsland,Vanuatu,2021-02-12,8400.54,False
497,Chad Ross,rebecca29@howard.com,62,East Chris,British Virgin Islands,2023-02-19,9573.73,True
498,Natalie Russell,ibutler@yahoo.com,33,Nunezfort,Zambia,2022-11-13,4164.58,False
499,Pam Weber,copelandcorey@miller.info,65,South Miguelstad,French Polynesia,2025-04-05,6934.99,True
500,Christopher Jones,kelsey32@pena-holden.info,40,Smithmouth,Kazakhstan,2022-05-11,3070.38,True
501,Terri Clark,lwilliams@collins-brown.info,26,Johnstonburgh,Heard Island and McDonald Islands,2024-12-15,8808.42,True
502,Melissa Wyatt,ronaldtaylor@gmail.com,49,Bradleybury,Gibraltar,2023-04-15,5191.62,True
503,Luke Anderson,butlerjeffrey@yahoo.com,57,Christyfurt,Chad,2021-01-02,801.62,True
504,Christopher Turner,lclark@gonzalez.biz,23,Amandachester,Brunei Darussalam,2021-02-19,7512.12,True
505,Catherine Savage,derrickhurley@norris.info,26,West Nicole,Indonesia,2025-04-08,4579.11,False
506,Cassandra Coleman,williamsbrittany@gmail.com,23,Emilyhaven,Jamaica,2023-03-12,8387.81,True
507,Annette Baker,carrieclayton@gmail.com,55,West Martinside,United Kingdom,2022-03-11,892.14,False
508,Nathan Elliott,lcrosby@hotmail.com,53,New James,Pakistan,2021-10-11,429.73,True
509,Jennifer Sullivan,ujohnson@hotmail.com,36,Lake Dustin,Bosnia and Herzegovina,2021-08-04,7810.55,False
510,Timothy Oliver,barneserik@powell.com,26,Lake Michael,Poland,2021-12-14,6857.19,True
511,Sarah Marsh,fmarquez@davis.com,52,Bateschester,Puerto Rico,2021-10-14,836.9,False
512,Robert Ball,ydixon@watson.net,60,Hardyburgh,Cook Islands,2024-01-14,6563.62,True
513,Kathy Vance,brownmaria@hotmail.com,41,New Jill,Reunion,2025-07-08,987.25,False
514,Mr. Anthony Berg,emily84@yahoo.com,56,South Nicholas,Sweden,2023-04-25,6551.22,False
515,Jesse Robinson,atkinsonandrew@wood.com,32,East Allenmouth,Reunion,2021-04-19,9144.73,False
516,George Garcia,amy16@martin-craig.com,40,Daleburgh,Jamaica,2025-09-12,1273.12,False
517,Katherine Payne,ashley74@yahoo.com,27,North Thomas,Timor-Leste,2021-05-16,7285.02,True
518,Kristen Smith,baileyeduardo@gmail.com,38,Carolport,Aruba,2023-08-19,5772.34,True
519,Bryan Lozano,tuckerjulie@robinson.info,36,New Dominique,Mali,2024-09-01,5703.17,False
520,Shane Meza,joshuagibbs@lewis.com,39,West Timothychester,Sri Lanka,2023-05-11,3553.27,True
521,John Cooper,zachary69@gmail.com,64,Williammouth,Malaysia,2020-10-24,8032.19,False
522,Jade Gibbs,johnsonheather@maldonado.com,63,Kennedymouth,Croatia,2024-05-09,5568.16,False
523,Thomas Shaw,christian92@yahoo.com,25,East Todd,Malta,2024-08-09,9490.29,True
524,Mrs. Jessica Thompson,hernandezmarilyn@lopez-brown.com,67,North Carlos,Brazil,2023-09-02,628.8,False
525,Thomas Miller,watsonmelanie@jackson-macdonald.com,61,Ryanfort,Mexico,2024-07-30,4211.23,False
526,Kelly Johnson,williamcarpenter@gmail.com,39,West Luis,Poland,2024-06-03,4441.7,True
527,Kimberly Meyer,mooreangela@hunter-johnson.net,47,East Doris,Lithuania,2022-05-21,505.64,True
528,Erik Ruiz,joy29@wilson.biz,34,Ballport,Honduras,2023-06-16,3291.85,False
529,Jessica York,qelliott@yahoo.com,60,Longland,Cape Verde,2021-08-29,4840.4,False
530,Alison Hoffman,swansondavid@morgan.biz,54,Valentinechester,Thailand,2024-01-04,5322.05,True
531,Christopher Hampton,jvaughn@yahoo.com,45,Pattersonside,British Virgin Islands,2025-04-03,3086.82,False
532,Jennifer Bowman,sarah91@gmail.com,30,Lake Timothy,Egypt,2024-03-13,3875.47,False
533,Jennifer Lewis,wrivera@hotmail.com,36,Turnershire,Singapore,2021-03-09,4363.53,True
534,Charles Campos,melissa20@gmail.com,68,Nunezside,Tanzania,2024-05-26,1495.96,False
535,Mary Clark,longtina@yahoo.com,26,Elizabethfort,United Arab Emirates,2020-11-14,9397.81,False
536,James Reyes,patriciabailey@yahoo.com,66,East John,Switzerland,2022-12-29,4216.41,True
537,David Cantrell MD,olivia71@yahoo.com,27,North Jeffreyhaven,Estonia,2024-10-10,9388.79,True
538,Hayley Smith,adrian00@hotmail.com,18,Hermanfort,Austria,2024-12-01,7257.74,True
539,Kathryn Clark,michael24@wong-arnold.com,38,Carrillotown,Belize,2022-09-02,7316.09,True
540,Caitlin Johnson,carlossmith@evans.com,19,West Reneeside,Tonga,2024-12-08,1907.3,False
541,Katherine Ortega,joannejones@howard-woodard.net,26,North Todd,United States Virgin Islands,2021-04-26,2241.24,True
542,Amy Taylor,wowens@duncan-reynolds.com,43,North Anita,Tonga,2020-12-07,7597.6,True
543,Kurt Rodgers,jamesgomez@graham.net,52,Aaronburgh,Finland,2022-10-09,5481.01,False
544,Laura Kelly,hstevens@gmail.com,69,South Debraland,Mozambique,2022-03-17,2150.28,False
545,Erin Castillo,chelseadixon@gmail.com,47,West Christine,Burkina Faso,2021-07-25,1532.3,False
546,Kevin Elliott,sarahanderson@yahoo.com,60,New Shawn,Afghanistan,2021-12-26,6237.41,True
547,Brittany Thompson,abigail11@hotmail.com,65,Rileyshire,Svalbard & Jan Mayen Islands,2021-09-14,5124.1,False
548,Mitchell Jones,gillespieisaac@hotmail.com,53,South Stephanie,Finland,2021-05-20,2089.21,True
549,Craig Simmons,ryan56@gmail.com,45,Lisamouth,Heard Island and McDonald Islands,2023-06-24,3655.2,False
550,Joel Young,hintondavid@yahoo.com,32,Julieport,Micronesia,2024-03-28,4049.04,False
551,Daniel Rogers,anne67@hernandez.com,40,South Michaelshire,Samoa,2021-06-01,7345.81,False
552,Trevor Reed,davidvasquez@gmail.com,30,South Thomas,Bolivia,2023-11-18,4274.25,False
553,Jennifer Norton,michaelcarter@ortega.com,25,New Steven,Bulgaria,2023-09-22,6894.77,False
554,Erin Daniels,ggonzales@hotmail.com,18,Mcclainmouth,Turkmenistan,2024-06-10,8539.89,True
555,Rhonda Murphy,yerickson@king.com,44,Clarkhaven,Croatia,2022-05-17,7078.54,False
556,Sarah Brooks,pparks@white.com,31,South Deanshire,Monaco,2021-04-04,4532.6,True
557,Brent Rodriguez,garymorgan@hotmail.com,32,Duncanborough,Afghanistan,2023-12-06,5066.83,False
558,Victoria Waters,aandrews@riley-lawrence.com,45,Howeport,Holy See (Vatican City State),2022-01-16,9093.78,False
559,Laura Fletcher,rachel83@carter.biz,47,West Johnshire,Chile,2023-10-07,9736.48,True
560,Brian Wong,kedwards@nguyen.info,47,South Michaeltown,Nigeria,2023-09-05,5693.27,True
561,Charles Cook,meghan72@marquez.com,60,Jacksonburgh,Seychelles,2024-08-12,6342.47,False
562,Jason Blake,htaylor@gmail.com,43,Jordanbury,Philippines,2023-04-07,4014.9,False
563,Mark George,fleonard@merritt-scott.org,56,Mathewshire,Solomon Islands,2024-03-06,3843.24,True
564,Richard Mclean,burtonkimberly@gmail.com,38,Meganville,Belize,2024-04-17,1502.58,False
565,Anthony Munoz,opierce@gmail.com,56,Justinchester,Suriname,2022-11-29,7962.73,False
566,Mary Singh,barry17@davis.info,46,Port Kelly,Andorra,2021-12-22,6290.46,True
567,Christina Newton DVM,campbellmikayla@gmail.com,56,Lake Timothy,Monaco,2024-11-26,6107.28,False
568,Jimmy Cooper,ortizchelsea@silva.info,59,Port Bradleymouth,Jordan,2024-12-18,4999.52,False
569,Nicole Cunningham,muellermark@yahoo.com,65,Stephenland,Guinea,2025-07-03,4474.76,False
570,Samantha Garrison,nhenderson@hotmail.com,46,Gonzalezville,Falkland Islands (Malvinas),2023-11-15,1873.05,False
571,Dawn Hammond,clarkelizabeth@murphy-chavez.info,67,Davidburgh,Turks and Caicos Islands,2022-11-08,3740.22,False
572,Brenda Skinner,smithtara@gmail.com,55,Samuelfurt,Ghana,2025-07-25,3744.18,False
573,Ashley Hernandez,fergusontodd@yahoo.com,41,Lake Joseph,Brunei Darussalam,2025-01-19,9241.89,False
574,Tonya Johnson,bairdshannon@yahoo.com,19,Port Jamesberg,Saint Lucia,2022-11-18,3033.02,False
575,Kathryn Moore,butlerelizabeth@briggs.com,39,Markstad,Ukraine,2021-04-11,2523.48,False
576,Jeffrey Hamilton,lcox@yahoo.com,46,South Adamstad,Zambia,2024-10-22,669.12,True
577,Susan Kelley,rachaelrivera@gmail.com,66,South Charlotte,Samoa,2024-10-07,180.33,False
578,Ashley Lawrence,thompsonrandall@rivera.info,34,Yangchester,Sierra Leone,2021-04-21,7107.47,True
579,Chelsea Oconnor,wardmelissa@hotmail.com,57,Port Jennifermouth,Ghana,2022-04-19,5993.45,True
580,Charles Wallace,wmontes@hotmail.com,60,East Martha,Marshall Islands,2024-08-04,8184.54,False
581,Robert Jenkins,garciaandrew@ray-mayer.com,69,Simmonsmouth,Namibia,2021-11-11,230.38,False
582,David Sanchez,gina58@miller-greer.com,32,New Anthonyport,Kiribati,2025-01-20,3963.62,True
583,Sandra Mullins,vlawson@yahoo.com,61,Lake Craigstad,Nigeria,2025-02-11,1802.62,True
584,Mark Martin,jennifer61@hotmail.com,45,Joshuafort,Bolivia,2022-08-14,5214.4,True
585,Taylor Ochoa,bennettvictor@thompson.net,40,New Dawnmouth,Grenada,2021-05-22,2549.27,False
586,Katherine Schwartz,kathleen58@stark.org,21,Bakermouth,Fiji,2022-06-21,4780.89,False
587,Jimmy Davis,cindy46@yahoo.com,44,Charlesberg,Bolivia,2022-07-06,2027.2,True
588,Roberto Frey,xprice@gmail.com,65,Janethaven,Guinea,2024-12-14,7011.28,True
589,Matthew Knight,kserrano@anderson-house.com,55,West Kimberly,Netherlands,2022-03-31,5992.78,False
590,Daryl Caldwell,olivia39@hotmail.com,59,New Yolanda,Bulgaria,2025-02-14,6385.14,False
591,Julie Mitchell,wwaters@webb.com,64,North Madeline,Barbados,2021-03-21,896.63,True
592,Joseph Jenkins,keithanderson@gmail.com,57,Tinaside,Mexico,2021-07-13,4717.9,True
593,Angela Mcdonald,mitchell66@roach.com,21,Chandlershire,Greenland,2025-07-02,2096.03,False
594,Michelle Hill,roblesgavin@hotmail.com,39,Rosalesshire,Vietnam,2024-02-22,8497.83,True
595,Gregory Sharp,jeremy73@collins-fisher.net,46,East Regina,Trinidad and Tobago,2021-04-07,6536.49,True
596,Sydney Burke,chad79@hotmail.com,27,Davidton,Nicaragua,2021-11-01,3486.93,True
597,Victoria Rodriguez,oherrera@hotmail.com,63,Port Casey,China,2021-01-17,684.83,False
598,Marisa Gallagher,hannabrian@riley.org,46,Samuelborough,British Virgin Islands,2020-11-24,6450.21,True
599,Brett Jordan,msimmons@hotmail.com,39,West Williamhaven,Netherlands,2021-10-29,1775.43,True
600,Erika Beck,qlittle@gmail.com,23,South Julie,Czech Republic,2021-01-08,7395.74,True
601,Beth Ward,patricia59@gmail.com,65,Stevenside,Comoros,2024-07-23,7121.9,True
602,Diana Bishop,osmith@james.com,51,Port Chad,Tuvalu,2022-08-25,4377.39,True
603,Olivia Johnson,crawforddalton@yahoo.com,22,Hillfort,Bhutan,2021-09-06,703.16,False
604,David Rivera,lisaknight@obrien.biz,24,Dianamouth,Barbados,2021-07-01,7664.37,False
605,Courtney Boyle,cynthiamueller@yahoo.com,29,North Lisaton,Wallis and Futuna,2022-10-22,9794.8,False
606,Ruth Cobb,burnscody@gmail.com,28,Port Jeremymouth,Saint Barthelemy,2023-10-16,3284.65,False
607,Brenda Schultz,awilliams@osborne.com,21,Langbury,Montenegro,2025-07-02,4582.63,True
608,Dana Bailey,timothy49@murphy.org,48,Alexisborough,Solomon Islands,2025-06-10,6934.07,True
609,Richard Bowers,vanessa46@cordova-sawyer.org,39,Williamside,Finland,2022-05-01,8533.04,True
610,Brandy Nielsen,aburnett@hotmail.com,27,Port Theresa,Uganda,2021-05-21,3707.72,False
611,Crystal Jones,cookbrandi@kaiser.org,61,Kingport,Palau,2024-12-07,1126.8,True
612,Juan Petty,shenderson@hart.com,28,South Laurahaven,Belize,2024-04-11,8414.93,True
613,Timothy Robinson,brycemorris@yahoo.com,60,South Chad,Slovakia (Slovak Republic),2025-01-25,5729.38,True
614,Jessica Barton,bthomas@yahoo.com,61,Fishershire,Mauritius,2022-10-31,514.05,True
615,Megan Davis,evan38@crawford-fowler.com,62,Johnsonborough,Holy See (Vatican City State),2020-11-11,3141.48,True
616,Bailey Santos,rachel44@green.com,42,Port Ericaland,Armenia,2021-05-09,8967.85,True
617,Monica Graham,stacyfowler@mercer.com,31,Millerbury,Guinea-Bissau,2021-03-17,2995.83,False
618,James Bell,timothywatson@rivera-bowman.com,33,New Robertville,Papua New Guinea,2020-12-18,9255.92,True
619,Ian Brooks,smiller@hotmail.com,36,South Donaldstad,Antigua and Barbuda,2022-12-21,4057.13,True
620,Doris Boyd,tmiller@hotmail.com,49,Woodsmouth,Sri Lanka,2024-06-10,5432.85,True
621,Brian Callahan,whitemolly@fischer-dixon.com,28,Jonesville,Svalbard & Jan Mayen Islands,2024-12-09,436.59,True
622,Timothy Butler,qschultz@perkins.com,56,Schmidtberg,Switzerland,2021-06-28,5202.48,False
623,Mckenzie Walsh,sydney84@gmail.com,48,Kirktown,Cyprus,2023-12-22,3611.68,True
624,Joshua Brown,mirandasteven@yahoo.com,62,North Nicolehaven,United States of America,2023-11-18,5080.42,False
625,Zachary Riley,alee@mooney.com,60,Jamesside,Haiti,2020-12-23,7258.3,True
626,Felicia Norris,welchjennifer@yahoo.com,49,Finleyside,Mauritius,2024-12-15,7733.44,True
627,Joseph Green,stephanierobertson@bowers-hendricks.com,55,North Tonyastad,Finland,2024-04-21,4911.06,True
628,Emily Vang,andrea17@yahoo.com,39,New Martinland,United States Minor Outlying Islands,2021-05-29,6062.12,True
629,John Norman,rhonda61@nielsen.com,43,Racheltown,Armenia,2025-03-23,4429.17,True
630,Mr. John Johnson,carlosgreer@cantu.com,25,North Carolyn,Portugal,2023-10-28,1757.33,False
631,Charles Tran,priceerik@gmail.com,54,Floresside,South Africa,2020-12-23,2176.14,True
632,Derek Bailey,ibennett@gmail.com,61,North Benjaminport,Montenegro,2023-01-02,6417.12,False
633,Heather Brown,waterssusan@sweeney.com,56,Port Marilyn,El Salvador,2024-01-27,3992.51,False
634,Nicholas Turner,luiswaters@henry-hernandez.biz,66,Wilsonside,Angola,2022-09-13,9414.2,False
635,Travis Zimmerman,ballardchad@blanchard.biz,69,South Jessicamouth,French Guiana,2022-10-20,5383.11,False
636,Dr. Lisa Price,mark09@hotmail.com,58,Lake Gabriela,El Salvador,2021-09-02,7978.11,True
637,Jessica Rowe,cnoble@gmail.com,52,South Alyssashire,Georgia,2025-04-14,1495.52,True
638,Julie Hudson,sheri33@hotmail.com,30,Aprilberg,Finland,2024-01-14,7768.17,True
639,Mary Reese,csampson@yahoo.com,66,Port James,Italy,2021-04-13,3967.56,False
640,Stefanie Hughes,bryanyang@hotmail.com,60,New Rachel,Sri Lanka,2022-10-25,7108.2,True
641,Miguel Wilcox,pfranklin@yahoo.com,41,Kellyfort,Guernsey,2024-01-02,3344.17,False
642,Daniel Byrd,xgraves@gmail.com,33,East Rachel,Bahamas,2022-10-17,3236.17,False
643,William Turner,ffigueroa@odom.com,69,East Jake,French Guiana,2022-06-26,866.28,False
644,Sara Hernandez,jonathangiles@patel.com,67,New Christopherville,Sierra Leone,2024-03-28,1306.87,False
645,Elizabeth Johnson,uparker@walker.net,55,Hernandezchester,Lesotho,2025-01-21,8539.27,False
646,Becky Fuentes,allenrodriguez@lewis-smith.com,25,Newmanchester,Haiti,2025-10-20,2938.12,True
647,Claudia King,dgarcia@arroyo-klein.info,62,Huntmouth,Venezuela,2023-10-15,7481.43,False
648,Stanley Rice,jennifervelazquez@collins.net,62,South Thomasbury,Palau,2022-06-28,3407.46,True
649,Amanda Dixon,ramirezamanda@gmail.com,63,New Tiffany,Zimbabwe,2021-11-20,2679.27,False
650,Joe Valdez,larry79@sanchez-howard.com,25,Larsenville,Grenada,2025-09-24,9454.51,True
651,Stacy Alvarez,sharon12@anderson.com,21,West Jeremy,Hong Kong,2021-04-26,1412.2,False
652,Jessica Reynolds,kelleybrett@hall-gutierrez.org,53,New Jason,Mauritania,2021-10-01,9770.15,False
653,James Kaufman,kelly61@mcbride-hughes.com,40,Hallhaven,Liechtenstein,2024-06-06,8244.79,True
654,David Weaver,valerievazquez@gmail.com,27,New Stevenburgh,Suriname,2024-03-08,8866.84,True
655,Cassidy Peterson,ugonzalez@yahoo.com,22,Smithstad,Anguilla,2024-02-01,1002.27,False
656,Brandon Lewis,jeremycross@hotmail.com,47,Robertsfort,Heard Island and McDonald Islands,2024-02-05,9145.83,True
657,Elizabeth Martinez,joyhardy@hensley-estes.com,65,South Dawn,Saint Barthelemy,2024-03-29,4181.46,False
658,Deborah Garcia,moorepeter@yahoo.com,51,East Cindyhaven,Australia,2024-12-04,6480.36,False
659,Zachary Clayton,michaelrandy@yahoo.com,66,Gayberg,Saudi Arabia,2024-02-04,5040.37,True
660,Kelsey Fletcher,yvonnerivas@yahoo.com,67,Michaelbury,Argentina,2025-07-29,1118.66,True
661,Charles Hall,zmendez@sparks-mathis.org,32,Port Jessicamouth,Maldives,2021-04-01,8895.24,True
662,Andres Long,vingram@yahoo.com,19,Brookestad,Macedonia,2021-03-16,1002.41,True
663,Steven Mitchell,thomashoward@king.com,18,Campbellstad,Bulgaria,2021-03-23,8612.66,True
664,Donald Molina,jonathonhamilton@ryan.com,67,Lake Daniellechester,Senegal,2021-11-26,1745.7,True
665,Michael Evans Jr.,jeffreybenjamin@patterson.org,39,Nelsonshire,Vietnam,2023-07-21,4595.59,True
666,Vicki Barrera,welchshelly@hunter-hill.com,58,North Perryfurt,Central African Republic,2021-07-08,1802.79,False
667,Kenneth Gonzales,michael43@williams.com,65,Jefferyview,Mongolia,2024-07-18,5556.16,False
668,Mark Haynes,samuelbrown@wilson.com,27,South Ryanchester,Antigua and Barbuda,2022-10-26,4798.81,True
669,Brenda Gordon,juanhowell@armstrong.com,44,East Brendan,Macedonia,2023-05-26,8525.62,True
670,Tracy Benson,davidbrooks@hotmail.com,20,East Cynthia,Brazil,2024-02-05,3865.77,False
671,Brian Schmidt,barrydavid@rodriguez.info,21,Benjaminhaven,Slovakia (Slovak Republic),2025-05-06,1161.3,False
672,Dr. Kristi Duran MD,hooperrichard@white-johnston.com,52,Martinezbury,Brunei Darussalam,2023-10-20,8680.64,False
673,Hannah Perry,ricelawrence@gmail.com,24,Crawfordhaven,Singapore,2022-10-05,3544.35,True
674,Judy Jenkins,hannahmyers@yahoo.com,47,Lisaview,Cuba,2021-08-01,7579.38,True
675,Claudia Gonzalez,edwardsjacob@thomas-gonzalez.com,18,Dylanborough,Tonga,2022-05-31,2975.02,True
676,Patricia Sanders,woodskarla@hotmail.com,57,Leebury,Bhutan,2025-08-09,5806.58,False
677,Amanda Delgado,moorejessica@martinez-wells.org,68,North Kimberlyton,Guernsey,2022-11-10,855.81,True
678,Kimberly Singh,smithcynthia@gmail.com,35,South Rebeccatown,Japan,2025-08-02,7170.67,False
679,Marie Rowland,cartercody@gmail.com,62,Lisahaven,Czech Republic,2024-01-21,1971.84,False
680,Paula Gardner,hendersonkyle@rich-jackson.com,28,Stevensberg,Spain,2025-08-28,8820.77,True
681,Carl Chapman,jason28@hotmail.com,28,East Shane,Bulgaria,2025-03-11,4942.12,True
682,Alison Mueller,kellypaige@gmail.com,42,Port Jennifer,Saint Vincent and the Grenadines,2023-10-24,9260.85,True
683,Laura Carpenter,timothyadams@hotmail.com,59,Davismouth,Wallis and Futuna,2021-03-16,9255.7,False
684,Roger Garcia,oparker@brown.com,47,Keithville,Comoros,2021-02-28,121.01,True
685,Kristy Obrien,perezstephen@gmail.com,35,North Tylerchester,Kazakhstan,2022-01-16,5499.84,True
686,Pamela Khan,jared80@gmail.com,41,Bowersborough,Libyan Arab Jamahiriya,2021-01-03,8034.8,False
687,Kellie Price,walkerscott@floyd.biz,50,Courtneytown,Myanmar,2025-07-25,2419.03,True
688,Jeremy Andrade,elizabeth94@boone.com,50,Amberfurt,American Samoa,2024-11-30,6772.19,False
689,James Henderson,nathanielgraves@hotmail.com,62,Karahaven,French Guiana,2025-02-01,9027.46,True
690,Kimberly Reynolds,aguirrenicole@hotmail.com,67,Blackhaven,Christmas Island,2024-12-02,3559.98,False
691,Christina Rhodes,ewest@gonzalez.com,24,North Rebeccashire,Benin,2022-11-16,8143.18,True
692,Michael Jackson,awilliams@griffith.com,56,Sherichester,Bulgaria,2021-05-03,5145.35,False
693,Christopher Ellis,fgutierrez@gmail.com,24,South Stephen,Paraguay,2021-12-31,6178.98,False
694,Vanessa Perez,martinanthony@smith.com,68,Floydhaven,Iraq,2024-01-18,4647.29,False
695,Michael Arias,wellsgregg@gmail.com,53,North Stephenside,Paraguay,2024-10-23,4249.75,True
696,Holly Allison,cole61@johnson.com,57,Yvettefort,Iraq,2021-04-11,1675.78,False
697,Lauren Hayes,tammy93@terry.info,52,New Robin,Saint Martin,2021-05-31,1193.78,False
698,Andrea Lucero,yallen@hotmail.com,56,New Robert,Burundi,2024-04-28,802.83,True
699,Amber Nichols,zachary78@hotmail.com,26,Vickieborough,Timor-Leste,2023-09-06,6663.01,False
700,Rebecca Massey,fflores@yahoo.com,47,Campbellbury,Fiji,2024-10-06,9820.89,True
701,Annette Chandler,droberts@gmail.com,67,Stevenport,Sweden,2022-10-22,2877.27,False
702,Jerome Wagner,xthompson@hill-patterson.org,19,South Derek,Lithuania,2024-09-28,8325.22,False
703,Amy Rodriguez,rmorgan@morales.org,54,North Corychester,Tanzania,2023-07-09,6842.8,True
704,Kenneth Miller,silvajoseph@gmail.com,38,New Abigail,Ireland,2021-08-17,8757.85,False
705,Haley Higgins,aharper@oconnell.com,30,Gilbertside,Russian Federation,2022-01-01,793.57,True
706,Nicholas Farley,sfreeman@hotmail.com,27,Susanville,Cyprus,2024-01-07,3225.22,True
707,Christine Anthony,muellerjessica@gmail.com,51,East Peter,El Salvador,2025-09-26,5273.6,False
708,Christopher Casey,jamie29@yahoo.com,61,New Sherriton,Bahrain,2022-03-24,5661.27,True
709,Sydney Franklin,sweeneyallison@anderson-ortega.com,44,East Christopherton,Sri Lanka,2022-09-13,3274.45,False
710,Albert Escobar,jacksonarthur@anthony-dean.info,58,Craighaven,Hungary,2022-11-09,2208.14,True
711,Jasmine Cannon,stewartamy@yahoo.com,38,South Robert,Belgium,2024-03-02,5252.34,False
712,William Howard,michellemaldonado@morgan.com,30,Lake Devin,New Caledonia,2023-07-17,8166.5,False
713,Lori Norman,amcconnell@gibson.com,28,North Michaelborough,Ghana,2023-11-24,4610.51,True
714,Kimberly Lozano,marissa54@yahoo.com,59,Kellyfort,French Southern Territories,2021-01-03,2349.83,True
715,Lauren Bauer,oedwards@hotmail.com,29,South Sharonside,Swaziland,2023-03-14,9878.48,True
716,Michael Clark,wayne64@gmail.com,42,East Michaeltown,Belgium,2025-02-17,8074.94,True
717,Kristen Noble,ttaylor@yahoo.com,31,North Jamesmouth,Sao Tome and Principe,2023-09-26,8904.61,True
718,Victoria Lane,brent67@hotmail.com,32,Bryanttown,Malaysia,2021-12-08,2648.97,True
719,William Gonzalez,hansencharles@walker.com,31,Willieville,Zambia,2023-06-13,5131.36,False
720,Drew Smith,perrynicole@sherman.com,58,Lake Jerome,Palestinian Territory,2021-04-18,1626.9,False
721,Christopher Reid,kristinallen@watkins.biz,34,Frazierstad,Bermuda,2025-10-12,3101.82,False
722,John Cobb,nleon@lopez-farley.com,51,Joseshire,Latvia,2023-11-17,8740.89,False
723,Tiffany Benson,masseydeanna@gmail.com,32,Arielstad,Kuwait,2024-06-09,9546.25,False
724,Danielle Gonzalez,heidiking@hotmail.com,62,Simmonsfort,Congo,2022-12-17,9820.02,False
725,Kim Morrow,shawn67@hotmail.com,43,Salasbury,Canada,2022-11-19,8265.09,True
726,Yvette Newton MD,michaelgreen@wright-parker.info,23,Stephenshire,Switzerland,2023-11-06,1608.92,False
727,Austin Riley,simpsonrichard@vincent-matthews.com,41,North Bryan,Finland,2021-04-27,4420.92,True
728,Tyler Cole,kbell@taylor-gibson.org,59,West Rodneyville,Iceland,2021-01-25,7079.8,True
729,Terri Taylor,garciasean@gmail.com,36,South Nancy,Cameroon,2023-10-28,8145.69,True
730,Jason Woodward,glambert@vega-stewart.com,23,Lucasfurt,Japan,2022-05-17,6637.72,False
731,Michael Richard,athompson@meyer-collins.info,62,West Linda,Congo,2022-01-09,9695.62,False
732,Dustin Hernandez,fhenry@francis-riddle.com,23,Port Karenshire,Serbia,2021-04-02,797.91,True
733,Robert Johnson,mtaylor@gmail.com,31,Port Anthonyport,Nigeria,2024-08-18,2932.62,False
734,Michelle Williams,pwilson@romero.com,38,Andrewshire,United Arab Emirates,2022-04-22,6479.8,True
735,Taylor Haynes,xbenitez@wilson-johnson.com,24,Priceborough,Moldova,2023-04-16,8696.75,False
736,Christopher Moore,brandi24@yahoo.com,25,Littlehaven,Ghana,2023-05-07,3293.7,True
737,Sherri Case,owensalyssa@sosa-powell.com,26,South Veronica,El Salvador,2021-09-22,7061.82,False
738,Sandra Hill,melissahill@hotmail.com,18,East Dylanland,Falkland Islands (Malvinas),2021-12-09,3791.48,False
739,Michelle Guzman,carolynrandall@yahoo.com,64,Meghanfort,Peru,2021-02-09,9766.51,True
740,Joyce Moreno,cooksarah@yahoo.com,29,New Nataliefort,Bahrain,2024-10-12,8528.87,True
741,Allison Wilcox,samuel81@hotmail.com,47,Jenniferfurt,Niger,2024-10-11,3815.43,True
742,Paul Torres,wsmith@gmail.com,26,Hendersonport,Pitcairn Islands,2024-09-30,9862.03,True
743,Denise Brown,carlsonabigail@jackson.info,51,Amyshire,American Samoa,2021-09-02,7634.69,True
744,Amber Jimenez,beverly23@yahoo.com,58,Vaughnberg,Pakistan,2024-12-14,3748.65,False
745,Lisa Leon MD,ipalmer@hotmail.com,51,Hoffmanbury,Bouvet Island (Bouvetoya),2021-07-25,9545.48,False
746,Mrs. Bethany Kelley,bryantjames@smith.net,20,South Michelle,Nigeria,2025-05-13,2128.75,True
747,Jacqueline Kemp,brewerkendra@yahoo.com,40,East Jessicastad,Dominican Republic,2021-11-29,9049.03,True
748,Jamie Velez,erika43@hotmail.com,25,Hayesville,Saint Helena,2024-04-04,9323.15,False
749,Christine Baker,kathy83@woods.info,64,Christopherfurt,Ukraine,2023-01-13,3589.61,False
750,Krystal Blankenship,carterteresa@hotmail.com,68,New Jasminechester,Togo,2025-06-11,4097.63,True
751,William Walker,wallaceleah@garcia-russell.com,43,Lake Javier,Greece,2023-03-06,5931.52,False
752,Melissa Reyes DVM,englishmatthew@yahoo.com,55,Mccoyland,Uganda,2021-11-17,4232.49,False
753,Bobby Jordan,gmyers@peterson.com,53,East Amanda,Zambia,2024-02-27,1180.62,False
754,Joseph Schmidt,xjensen@gmail.com,50,Watsonberg,Luxembourg,2024-08-21,9819.48,False
755,Gregory Benson,burnsethan@gmail.com,60,Mooreborough,Latvia,2024-03-21,2282.4,True
756,Wayne Ortega,stricklandcaitlyn@strickland.com,49,Lake Daniel,Andorra,2024-09-19,9891.36,False
757,Lisa Perez,darrellcisneros@yahoo.com,27,New Juanside,Congo,2024-09-10,2723.75,True
758,Christian Merritt,kathleenoliver@williams-harris.com,19,Port Nicholas,Cuba,2024-03-08,7822.5,True
759,Wendy Taylor,jennifersimpson@robinson.com,22,Danielstad,Netherlands Antilles,2021-06-25,3192.26,False
760,Jack Brown,joseph09@hansen.com,54,Steventown,Cook Islands,2023-11-19,9553.39,True
761,Christopher Pham,sean72@thomas.net,25,Rebeccaburgh,Guam,2022-07-30,1267.28,False
762,Troy Garcia,lmorris@yahoo.com,34,Mariabury,Cuba,2023-05-08,293.15,False
763,Kevin Brown,jamiestafford@green.info,56,East Marybury,Burkina Faso,2023-01-03,9669.57,True
764,Abigail Hayden MD,beardsteven@hotmail.com,30,West Tyler,Canada,2025-07-12,9882.84,True
765,Carl Marshall,jonathanvasquez@haynes.net,64,Lake Markview,Estonia,2022-11-04,6865.46,False
766,Shane George,jacobhunter@gmail.com,53,South Sydneyborough,Tunisia,2024-11-17,1038.38,False
767,Jennifer Malone,beth81@hotmail.com,49,Zacharytown,Korea,2023-01-15,7516.03,True
768,Tamara Wilkins,carterricky@hotmail.com,44,North Maria,Hong Kong,2024-04-07,3079.38,True
769,Eric Chapman,christinavaughn@harris.com,48,New Samuel,Saint Pierre and Miquelon,2023-08-14,3711.28,True
770,Carrie Warner,ccortez@cook.com,68,Martinezchester,Slovenia,2025-03-04,9742.96,True
771,Scott Hernandez,lucasdeborah@williams-howell.biz,27,Lake Dennis,Iran,2023-08-19,8247.37,True
772,Jennifer Williamson,koconnell@gmail.com,40,Hillstad,Hong Kong,2023-12-30,1901.92,False
773,Virginia Cox,carriehinton@robinson.com,55,Annestad,Palestinian Territory,2025-07-07,9910.96,False
774,Yvette Larson,nathanmiller@yahoo.com,53,Lawrencemouth,Pakistan,2024-03-19,4887.75,True
775,John Guzman,taylorkristina@hotmail.com,54,Hernandezmouth,El Salvador,2024-07-24,8603.01,True
776,Jessica Frazier,irice@hotmail.com,38,East Stephanie,Malawi,2025-04-13,7602.68,True
777,David Carey,wheelerkathleen@villa.com,60,Michaelport,Hong Kong,2022-06-19,9902.62,True
778,Carl Evans,millerjohn@yahoo.com,46,Hillside,Solomon Islands,2025-02-22,5429.53,True
779,Nicole Hunt,linda93@guerrero.com,33,Lake Andrewhaven,Kuwait,2024-07-12,1879.05,True
780,Christopher Lewis,sarahconley@williams.com,31,South Davidmouth,Algeria,2022-02-26,3280.25,True
781,Bradley Smith,phyllisjordan@grant.org,50,Wellsview,Aruba,2023-01-09,3249.48,True
782,Zachary Thomas,jenny79@morgan.com,38,Silvaburgh,Botswana,2023-09-03,6866.98,False
783,Christina Bell,wsanchez@carson.com,62,Coxhaven,British Virgin Islands,2023-07-23,1878.32,True
784,John Love,amber28@gmail.com,46,South Brandon,Guinea-Bissau,2024-08-30,7569.79,True
785,Gregory Carter,david01@gmail.com,23,New Vanessa,Sri Lanka,2024-09-27,2717.93,True
786,Lauren Brown,nancyashley@hood.com,23,Vanessaside,Romania,2023-12-05,2142.51,False
787,Tricia Collins,christianrogers@lewis.biz,35,West Tanyaview,United Arab Emirates,2023-09-23,6114.88,True
788,Brian Huff,fbarnes@gmail.com,45,Alyssaland,Congo,2023-07-28,2955.04,False
789,Brandon Barron,lawrencemiller@gmail.com,56,West Vincenttown,Belarus,2022-05-29,5906.39,True
790,Morgan Patel,jessica49@hotmail.com,61,Dennisfurt,Argentina,2024-02-23,1928.46,True
791,Christopher Perez,nicholas94@gmail.com,21,Joneshaven,Eritrea,2023-12-04,5940.27,True
792,Michael Sweeney,mallory25@johnson.com,61,Elizabethview,French Polynesia,2022-05-14,8039.78,True
793,Kelly Combs,xkelly@hotmail.com,42,West Williamstad,Singapore,2025-04-13,5529.44,True
794,Betty Stewart,anthony98@yahoo.com,20,South Carrieland,Micronesia,2023-04-30,6376.32,False
795,Christopher Sherman,hernandezkevin@gmail.com,43,Kristiebury,Serbia,2023-12-17,765.31,False
796,Jorge Elliott,casey07@gmail.com,52,North Elizabethchester,Christmas Island,2021-12-20,6115.51,True
797,Lisa Cook,nicoleadams@stein-nelson.org,52,Angelfort,Costa Rica,2023-10-31,7546.43,False
798,Cassidy Young,charlesharvey@mitchell.com,25,South Matthewview,Cocos (Keeling) Islands,2022-10-19,5521.79,False
799,Lydia Lowe,bmcfarland@sanchez.com,45,Allenland,Tokelau,2023-08-31,794.19,False
800,Patricia Chen,kempjennifer@gmail.com,41,Foxfurt,Ireland,2023-03-07,2062.49,True
801,Haley Maldonado,nelsonstephanie@smith-carr.com,39,West Julianshire,Bulgaria,2022-04-27,2655.22,True
802,Dakota Chase,pmatthews@hotmail.com,66,West Lori,Kazakhstan,2025-05-07,2322.36,False
803,Melissa Stephens,matthew08@gmail.com,22,Deckerburgh,Saint Barthelemy,2025-06-02,2087.58,False
804,Chelsey Pineda,brookstina@baker-wood.com,65,Lake Brooke,Peru,2021-09-23,2015.14,True
805,Kristen Daugherty,davekhan@harrington.info,24,Katherineport,Canada,2022-11-21,4072.77,False
806,Seth Stevens,michael01@hudson.com,62,Suzanneburgh,Austria,2022-09-04,7931.07,True
807,Mr. Dustin Price MD,mfitzgerald@byrd-johnson.com,57,Thomasstad,Guinea,2022-07-07,3148.82,False
808,Christopher Ford,robertsconnie@yahoo.com,53,South Jenniferton,Cameroon,2024-10-12,9044.66,False
809,Janice Smith,littlelaurie@white-powers.com,33,Stewartport,French Southern Territories,2025-03-11,7891.97,True
810,George Williams,andrew14@hotmail.com,33,South Haley,Estonia,2022-05-21,6403.25,True
811,Jennifer Dominguez,susan27@lee.com,27,West John,Isle of Man,2023-02-27,3906.34,True
812,Anthony Carter,hmiller@hotmail.com,48,Lake Kevinshire,Croatia,2024-11-22,3000.58,False
813,Emily Jacobs,william92@yahoo.com,32,Spenceside,Hong Kong,2022-09-15,3424.91,True
814,Jeffrey Soto,blanchardkristopher@taylor-mendoza.biz,64,Wolfeborough,Tunisia,2023-04-12,7565.68,True
815,Kelly Dickerson,smithryan@shannon.net,31,Amandatown,France,2025-10-07,787.29,True
816,Cody Lane,tammy55@hernandez-peterson.net,69,Port Edwin,Mauritius,2021-07-15,2437.79,True
817,Lori Lyons,markvalentine@ortiz.com,24,New Meghanbury,Russian Federation,2024-11-21,6344.44,True
818,Robert Hamilton,josephrobert@hotmail.com,67,Kaylamouth,Samoa,2022-02-05,4918.21,True
819,Jason Perez,tiffanyburns@gmail.com,50,West Brianview,Malta,2025-04-13,3531.59,True
820,Kylie Thornton,hrodriguez@yahoo.com,67,Jamesbury,Taiwan,2021-06-25,4413.69,True
821,Laura Morris,margaret96@hotmail.com,50,South Travis,Guinea-Bissau,2025-10-09,101.29,False
822,Joshua Dunn,jamesdavis@navarro.com,69,Kevintown,Belgium,2022-10-19,4488.98,False
823,Jasmine Ellis,pachecobarbara@hotmail.com,53,East Shaunland,Bosnia and Herzegovina,2020-12-08,2845.16,True
824,Linda Young,timothynorris@hotmail.com,67,Mathewsfurt,Bahrain,2024-05-16,8098.1,False
825,Adam Stephens,brownmichael@yahoo.com,43,Jeanview,Sweden,2021-08-06,9357.93,False
826,Jessica Diaz,christine62@long.info,56,Scottbury,Mayotte,2025-08-26,8551.14,False
827,Kelly Arroyo,leslie82@hotmail.com,67,Port Monica,Cayman Islands,2024-05-21,1540.15,True
828,Amanda Moses,juannguyen@hotmail.com,58,West Joshuaville,Vietnam,2022-12-19,8754.46,True
829,Kayla Castro,ricardohickman@smith-dodson.com,61,Debbieberg,Uzbekistan,2024-09-01,9870.22,True
830,Tina Gonzales,john88@hotmail.com,52,North Terri,Holy See (Vatican City State),2021-10-14,8576.07,False
831,Jacob Shaw,changlisa@clark.net,62,Port Austinfort,Falkland Islands (Malvinas),2022-12-10,2294.31,True
832,Jacob Thomas,dawnross@yahoo.com,21,Hollandfurt,Togo,2022-09-02,2677.72,False
833,Christina Smith,wilsonlauren@martin.com,45,New Jason,Saudi Arabia,2021-11-20,6690.27,True
834,Ricardo White,joshua62@gmail.com,22,West Anthony,Niger,2021-06-01,1157.59,False
835,Ashley Chen DDS,qlopez@yahoo.com,23,Lindseybury,Nauru,2021-08-03,8751.23,True
836,Eric Fowler II,mitchelladams@greene-howell.biz,49,Port Michaelside,Zimbabwe,2024-09-04,4530.31,False
837,Michelle Johnson,sandersmatthew@johnson.biz,53,Bethchester,Qatar,2022-04-14,1974.51,False
838,Darrell Davis,jgarcia@miller-holder.com,27,New Sheryl,Israel,2022-09-07,1135.22,False
839,Tyler Espinoza,marissasellers@yahoo.com,22,Gonzalezfurt,Martinique,2023-05-12,6121.58,False
840,Michael Nguyen,ujones@owens.com,50,Jamestown,Angola,2021-05-03,3959.05,True
841,Brian Bauer,acarrillo@gallegos.info,25,South Hayleyburgh,New Zealand,2021-12-03,2934.72,False
842,Brittany Smith,johnstonapril@harrison-davis.com,26,Castilloton,British Virgin Islands,2022-09-23,3664.26,True
843,Terri Hogan,robertskevin@yahoo.com,51,Anthonyside,Puerto Rico,2021-07-23,7728.48,True
844,Brian Fisher,heather93@jennings.info,41,East Christina,Mongolia,2022-03-15,683.93,False
845,Kevin Garrett,watsonralph@macias.org,24,Rickymouth,Holy See (Vatican City State),2025-10-10,5203.34,False
846,Robert Rangel,brianna87@hernandez.info,22,Port Christian,Algeria,2024-11-21,7864.5,False
847,Stephanie Ford,nthompson@perez.com,21,New Seanton,Uruguay,2023-06-23,1694.23,False
848,Bianca Richards,kathleen76@page-barber.org,32,Farleyfort,Mongolia,2022-10-11,9973.35,True
849,Lisa Frost,smithrobert@yahoo.com,43,Seanshire,Kuwait,2023-02-01,9751.08,False
850,Holly Johnston MD,melissa47@yahoo.com,21,Meganchester,Cayman Islands,2022-02-07,8664.57,True
851,Peter Flores,brooksmichelle@dudley.com,35,Port Nancy,Macao,2024-11-08,2823.33,True
852,Annette Kim,benglish@edwards.com,46,West Rickey,Kuwait,2022-09-19,3740.0,True
853,Daniel Hansen,cynthiadean@gmail.com,46,West Kimberly,Saint Lucia,2021-02-24,4786.3,False
854,Nathan Fitzgerald,carlos04@vargas.com,36,Jasonville,Saint Lucia,2021-11-25,9106.47,True
855,Aaron Harris,zhicks@gmail.com,31,Joseton,United States Minor Outlying Islands,2023-08-25,5816.25,True
856,Megan Mills,barry22@phillips-abbott.biz,69,Port Kellyhaven,Tanzania,2024-05-26,4041.15,False
857,Jason Parker,coxjohn@crawford.com,67,Port Josephbury,South Africa,2024-11-06,5071.86,True
858,Julie Lopez,stevenmontes@yahoo.com,27,Mcleanbury,Colombia,2024-12-30,8097.71,False
859,Sarah Hall,holly83@miller.com,59,West Paul,Antigua and Barbuda,2024-02-09,5448.73,True
860,Suzanne Wolfe,rickycollier@jones.com,36,Craigfort,Trinidad and Tobago,2021-03-26,8405.95,True
861,Bianca Richmond,zkeller@yahoo.com,56,Port Krystalview,Senegal,2025-08-26,8112.34,False
862,Kelly Parker,jocelyn81@yahoo.com,43,South Sophia,Vanuatu,2021-07-19,8692.94,True
863,Katie Hoffman,jclark@brown.com,47,Port Sheilaland,Saint Vincent and the Grenadines,2020-10-30,5197.69,False
864,Jacqueline Garza,carloshughes@nunez-griffin.biz,55,Lake Reginaldview,Indonesia,2025-02-04,292.81,True
865,Robert Reid,mquinn@lopez.com,53,Matthewborough,Seychelles,2022-08-09,5546.58,False
866,Rachel Davis,mwelch@hotmail.com,28,Nathanborough,Central African Republic,2022-05-23,4746.98,True
867,Jessica Camacho,gallegosjacob@yahoo.com,48,Amandamouth,Saint Vincent and the Grenadines,2025-07-09,3891.71,False
868,Courtney Mccormick,sarah14@hernandez.com,32,Victoriafort,Libyan Arab Jamahiriya,2020-12-27,6793.37,False
869,Christopher Snow,jo69@merritt.com,68,New Isabel,Russian Federation,2020-12-23,9311.72,True
870,Chad Flores,jenniferrodriguez@thompson.org,42,New Samuel,Swaziland,2022-07-30,3848.47,True
871,Cheryl Stevens,utaylor@gmail.com,48,East Katherinetown,Mauritius,2021-05-12,3623.8,True
872,Sarah Bradley,berrycharles@hotmail.com,27,Kingshire,China,2024-01-19,7933.38,False
873,Edward Perry,michaelrodriguez@hotmail.com,58,South Timothy,Azerbaijan,2021-10-25,1005.22,True
874,Michelle Wright,johnguzman@hotmail.com,37,Lake Travismouth,Tunisia,2021-11-05,548.96,False
875,Amy Nguyen,matthewpoole@hotmail.com,32,Tinaview,Mozambique,2022-06-24,8573.35,True
876,Charles Rogers,cervantesronald@yahoo.com,50,Lake Sharonstad,Luxembourg,2022-11-22,2372.37,False
877,Lindsey Richardson,bcarter@yahoo.com,60,Christinaborough,Palau,2024-01-17,8063.4,False
878,Wanda Vasquez,margaretking@gmail.com,18,Hutchinsonmouth,Haiti,2020-12-25,4939.71,True
879,Mary Garcia,brownmark@hotmail.com,55,Port Leahshire,Anguilla,2024-08-19,9206.74,True
880,Rachel Hart MD,javier97@yahoo.com,28,South Douglasfurt,Rwanda,2024-02-20,3020.16,False
881,Daniel King,tara56@yahoo.com,54,Turnermouth,Marshall Islands,2024-01-02,675.04,True
882,Corey Montoya,jenniferthomas@figueroa.biz,69,Williamsmouth,South Georgia and the South Sandwich Islands,2023-10-10,6631.01,True
883,Christopher Sandoval,summerstara@vargas.com,64,Hillfort,Maldives,2021-05-29,7671.67,False
884,Daniel Gardner,nicolecrane@hale-callahan.com,24,Lake Masonview,Guatemala,2023-08-05,7430.69,False
885,Rebecca Greene,amanda64@diaz.com,46,Rebeccaland,Timor-Leste,2022-06-21,3088.2,False
886,Shawn Chase,morenokaren@yahoo.com,35,West Alexisfurt,Moldova,2025-07-24,8743.83,False
887,John Shaw,mcampos@ballard-kim.com,32,East Jimmyfurt,Afghanistan,2022-11-06,3046.12,False
888,Robert Williams,vellis@hotmail.com,37,Ashleychester,Martinique,2024-12-10,2923.29,False
889,Drew Hayden,michele76@johnson-berg.org,45,Aaronfurt,Belize,2021-03-02,8450.47,True
890,Tamara Torres,lambertaaron@allen.com,67,South Douglas,Tajikistan,2022-10-20,364.68,True
891,James Cook,theresamccall@sanchez.com,56,New Courtney,Palau,2023-09-28,685.67,True
892,Bobby Freeman,linda96@yahoo.com,67,Brooksfurt,New Zealand,2021-10-29,3409.83,False
893,Marc Manning,mlee@anderson.biz,53,Lake Janetshire,Tajikistan,2025-04-19,861.6,True
894,Melissa Johnson,gregorymichael@pope.com,47,Mitchellview,Panama,2023-05-24,6720.04,False
895,Kevin Bowen,floreseric@knapp.biz,49,Paulport,Northern Mariana Islands,2023-06-05,823.21,True
896,Michael Parks,josephdonovan@floyd.com,44,New Lauraville,Romania,2021-02-14,9473.48,False
897,Joseph Garza,melissa04@rivera-bauer.com,26,South Dawn,Djibouti,2021-09-15,868.68,False
898,Julie Patterson,george08@yahoo.com,30,Garciaport,Solomon Islands,2025-09-09,2942.87,True
899,David Clark,grayedward@gmail.com,19,Jacquelinechester,Togo,2023-09-26,4383.81,False
900,Kristin Stevens,michael32@gmail.com,27,West Jessica,Macao,2022-02-15,6070.89,False
901,Jason Christensen,hudsonjanice@myers.net,63,Charlesfurt,Turkmenistan,2021-02-22,5600.36,False
902,Dr. Alan Jackson DDS,hthomas@gmail.com,47,East Ericshire,Liechtenstein,2020-11-01,4104.83,True
903,Amanda Reynolds,bellpatty@fields.com,64,Willieland,Falkland Islands (Malvinas),2025-07-21,5648.89,True
904,Rachel Gray,stevenmartin@gmail.com,36,New Markfort,Hungary,2023-04-15,8918.46,False
905,Jennifer Gray,adamstoni@lawrence.org,18,Huffmanville,Sri Lanka,2024-11-26,7637.47,True
906,Jessica Wilkinson,pierceandrea@gibson.com,42,South Dawnborough,Reunion,2023-07-30,9800.45,False
907,Michael Dean,rileydana@yahoo.com,35,North Garrett,Venezuela,2025-05-15,4676.36,False
908,John Henderson,johnholt@hotmail.com,63,Port Jennifer,Guernsey,2025-08-01,161.63,True
909,Ryan Peters,monicalee@garrett.com,29,Montesfort,Taiwan,2024-04-13,554.37,True
910,Marc Brown Jr.,cnewman@yahoo.com,23,Gutierrezside,Serbia,2021-04-25,6825.69,False
911,Daniel Jones,hlewis@hotmail.com,49,New Karaport,Fiji,2023-10-16,9608.86,True
912,Karen Michael,shawnbates@hurst.org,20,Lake Pamela,Luxembourg,2021-09-12,2300.61,True
913,Melinda Rios,rodriguezgeorge@rodriguez.biz,61,Cynthiachester,South Georgia and the South Sandwich Islands,2022-04-08,7452.45,False
914,John Wilson,valenzuelamorgan@gmail.com,60,Greenport,Saint Vincent and the Grenadines,2022-06-22,9722.8,False
915,David Olson,ambersantos@hotmail.com,42,North Bradley,Guernsey,2023-06-01,3238.51,False
916,Margaret Stokes,lbrowning@gmail.com,59,New Melissa,Solomon Islands,2020-12-01,5617.83,False
917,Clayton Johnson,alexiswilliams@lindsey-terrell.org,68,West Alexandraville,Bahamas,2023-03-08,9954.9,True
918,Susan Dixon,ginaparker@hotmail.com,20,Lake Loganfurt,Algeria,2025-04-09,4598.52,True
919,Patricia Bell,curtismontgomery@rodgers.net,19,North Ericmouth,Niue,2021-12-27,833.19,False
920,Tamara Bruce,kellywalker@gmail.com,48,Fordberg,Macao,2021-10-19,246.72,True
921,Johnny Jones,smithmelissa@yahoo.com,33,Stoneburgh,Falkland Islands (Malvinas),2021-01-01,9994.1,False
922,Travis Lopez,james74@gmail.com,55,Lake Victoria,Dominica,2024-01-23,2745.61,False
923,Beth Wilson,cindy00@gmail.com,50,West Phillipland,Bosnia and Herzegovina,2025-05-10,8688.29,True
924,James Wilcox,jennifer79@gmail.com,65,Richardsonborough,Iraq,2023-10-10,9126.76,True
925,Courtney Martinez,michaelwells@hotmail.com,42,Johnburgh,Botswana,2023-01-29,1284.76,False
926,Jose Dean,huntersherri@gmail.com,47,New Angela,France,2023-09-08,8552.58,False
927,Veronica Watson,rhughes@gmail.com,45,Zimmermanmouth,Dominican Republic,2023-04-24,6748.88,False
928,Micheal Gilbert,fwalton@hotmail.com,44,East Tina,Congo,2023-03-11,3886.3,True
929,Alex Martinez,charles81@villa.com,43,Armstrongside,Russian Federation,2024-10-12,7205.37,False
930,Madison Berry,brownaaron@yahoo.com,34,East Karen,Micronesia,2024-09-30,7405.87,False
931,Taylor Gallagher,adamstuart@gmail.com,33,West Stevenmouth,Cape Verde,2023-03-11,8705.1,False
932,Jennifer Burns,collierlisa@gmail.com,38,South Courtneyhaven,Jordan,2025-10-02,5133.66,False
933,Thomas Gonzalez,jimenezkathleen@young.com,34,Lake Joseph,Turks and Caicos Islands,2022-11-27,6668.78,True
934,David Goodwin,howardchristina@mejia.com,35,Lake Tiffanyland,French Guiana,2021-10-21,168.72,False
935,Steven Knight,heatherpage@yahoo.com,23,South Stephanie,Sweden,2024-03-16,5089.64,False
936,Lucas Young,rowlandkayla@yahoo.com,18,North Jessica,Israel,2023-05-28,3151.67,False
937,Julie Scott,jmoore@white.com,69,New Kristenland,Panama,2020-11-20,3540.45,True
938,Travis Thompson,pinedaheather@gmail.com,54,Lake Lindsay,Iran,2021-07-18,5200.08,True
939,Mitchell Russell,lisalamb@novak.net,27,Jessicashire,Saint Martin,2021-08-24,1565.28,True
940,Dillon Medina MD,jillian38@gill-armstrong.net,54,Hardingborough,Kazakhstan,2021-03-30,785.09,True
941,Tony Rios,vanessa37@gmail.com,59,New Seanport,Netherlands Antilles,2021-11-25,2878.87,True
942,Christopher Arnold,fzhang@martinez.biz,54,Bestton,American Samoa,2022-01-22,7410.18,False
943,Bradley Torres,duanejohnson@ortega.biz,31,Richardport,Bangladesh,2022-07-03,3116.81,False
944,Joseph Herman,dmoody@newton-jimenez.com,22,Hillmouth,Vanuatu,2025-02-09,9771.49,False
945,Virginia Hartman,davisronald@smith.biz,55,Kellymouth,British Virgin Islands,2023-08-29,3622.46,False
946,Amy Russell,ncalderon@schmidt.com,21,Wernermouth,Malta,2024-03-02,3906.27,False
947,Jordan Clark,fking@gomez.biz,57,East Richard,Montenegro,2024-07-24,4215.63,False
948,Jose Salazar,palmerjeffrey@harrell.info,34,South Christine,Dominican Republic,2023-11-13,3760.01,False
949,Christopher Watkins,peter54@gmail.com,30,Port Luismouth,Cocos (Keeling) Islands,2024-04-10,2337.47,False
950,Calvin Castro,kdavis@hotmail.com,39,Garciatown,Kazakhstan,2023-02-11,2562.61,False
951,Christian Cummings,tracy55@vance.com,69,South Derekberg,Cameroon,2023-12-15,8589.69,True
952,Christine Lopez,michelle58@hotmail.com,29,West Christine,British Virgin Islands,2023-11-05,9948.96,True
953,Roberta Bryan,david15@gmail.com,52,Natashatown,Philippines,2025-05-30,6729.55,False
954,Laura Coleman,diazcraig@yahoo.com,25,Christianton,United Kingdom,2024-08-15,5178.19,False
955,Keith Allen,ikennedy@gmail.com,45,Dalemouth,Niue,2021-01-28,8814.51,True
956,Patrick Williams,cmarquez@gmail.com,31,Johntown,Mali,2020-11-21,2182.92,False
957,Cristina Flynn,michelle61@gmail.com,60,South Crystaltown,Jamaica,2023-06-22,785.8,False
958,Laura Silva,danielterrell@hotmail.com,62,Lake Justinfurt,Portugal,2023-10-25,6320.03,True
959,Marc David,jameswilliams@cook-walker.org,57,West Angelachester,Senegal,2023-07-09,8219.26,True
960,Wendy Case,jjones@gmail.com,33,Phillipsberg,Netherlands Antilles,2025-06-08,7465.94,True
961,Tony Lopez,larsonshawn@hotmail.com,53,Justinmouth,Fiji,2024-09-30,8552.93,False
962,Robin Brown,yacevedo@sweeney-miranda.info,32,East Toniside,Hungary,2022-01-10,5492.53,True
963,Lisa Johnson,tylerguzman@yahoo.com,56,New Rachelborough,France,2025-07-12,1399.42,False
964,Priscilla Adams,eyoung@george-james.org,68,Brianville,Djibouti,2025-05-22,1987.96,True
965,John Montgomery,emmavaughan@hotmail.com,42,East Gary,Qatar,2023-05-26,9743.53,True
966,Brian Navarro,nbrown@espinoza-pittman.com,40,Johnshire,French Southern Territories,2025-01-11,2420.23,False
967,Brian Davis,timothyjones@mcdowell.com,59,Johnsonland,Djibouti,2022-07-14,2517.93,True
968,Tammy Barajas,ballvernon@charles-cooper.net,64,Perezland,Mali,2024-06-12,7609.68,False
969,Thomas Moody,amanda88@gmail.com,33,West Michaelfort,Belize,2023-09-22,5777.25,False
970,Samantha Zimmerman,morrissandra@williams.com,69,New Mary,Colombia,2022-09-11,9048.42,True
971,Ms. Traci Porter,kevin57@gmail.com,49,Jeanhaven,Moldova,2022-11-18,5076.03,True
972,Ana Moore,cookmichael@hotmail.com,67,South Timothy,Aruba,2022-01-17,2094.95,False
973,Roger Haley,jimenezdana@sims-white.com,41,Margaretfurt,Guinea,2024-09-11,5870.47,False
974,Joseph Parker,nicholashogan@white.net,50,Port Sylvia,Sweden,2023-10-02,4907.75,False
975,Brian Smith,michael93@gmail.com,22,Sheppardberg,Cameroon,2023-12-29,2241.56,False
976,Angela Adams,rayjohn@gmail.com,54,Crystalberg,Bulgaria,2025-07-21,6999.85,False
977,Brett Trujillo,samantha90@serrano-smith.com,19,Robertstad,Sierra Leone,2020-12-12,9214.66,False
978,Joshua Hernandez,hayesrhonda@hotmail.com,43,South Carrieburgh,Vietnam,2023-10-21,3869.51,True
979,Timothy Carr,nunezdaniel@hotmail.com,45,Whitebury,Honduras,2022-06-04,4461.16,True
980,Michelle Carey,ystewart@hammond.com,68,Wilsonland,Monaco,2025-08-27,3499.4,False
981,Christopher Young,mgonzalez@perkins.com,65,Cookchester,Kiribati,2024-02-19,3824.13,False
982,Christopher Smith,jacob07@burke.com,29,North Ashley,Latvia,2023-03-21,4253.97,False
983,Lisa Bailey,ryanhunt@smith.com,67,Haneyborough,Mexico,2022-04-15,9933.53,True
984,Ian Mitchell,ballaudrey@hammond.com,38,Davismouth,Trinidad and Tobago,2023-03-22,6090.07,True
985,Sean Bell,christian57@gmail.com,39,Port Matthewland,Australia,2020-11-17,9116.11,True
986,Yvonne George,mikelopez@jones.biz,33,Pettyside,Paraguay,2021-08-30,439.03,False
987,James Shaw,xperez@gmail.com,32,Robertshire,Venezuela,2025-08-14,4780.44,False
988,James Mercado,stephaniejackson@yahoo.com,67,Grantberg,Isle of Man,2022-07-26,7570.04,False
989,Laura Marquez,joannabowers@vasquez.com,42,East Jesseport,Moldova,2021-06-07,7621.03,True
990,Natalie Roth,quinnjose@gross.com,20,North Racheltown,Uganda,2020-11-26,1548.43,True
991,Lindsay Vaughan,tamara90@yahoo.com,25,West Amandaville,Portugal,2020-12-27,7829.47,True
992,Scott Collins,dawsonmathew@gmail.com,47,East Thomasfurt,Benin,2020-12-11,936.56,True
993,Dana Lawrence,joseph55@gmail.com,26,Port Rebecca,New Zealand,2020-12-09,9429.78,True
994,Michelle Baker,leemaria@yahoo.com,51,Port Erik,Guatemala,2024-07-21,4851.33,True
995,Lori Robertson,acampos@washington-fuentes.com,37,Lake Chloeshire,Saint Barthelemy,2023-08-16,8756.29,False
996,Jeffrey Nunez,martinezkevin@hotmail.com,48,East Michaelmouth,Turks and Caicos Islands,2022-08-09,5066.86,False
997,Maria Brown,wendy26@hotmail.com,32,Port Scotthaven,Costa Rica,2025-09-21,4196.31,True
998,Andrew Hudson,rollinsmelissa@jenkins.com,33,Orrmouth,Taiwan,2023-09-24,3866.24,False
999,Lucas Brown,pclark@clark.com,59,Dustinport,Albania,2022-01-15,4126.93,True
1000,Jessica Sheppard,kylesimpson@gmail.com,40,East Jessica,Puerto Rico,2021-12-17,7654.84,False
